Time_Seconds,Frequency_Hz,Incident_SPL_dB,Transmitted_SPL_dB,Material_Thickness_mm
5,20.0,100.59605698361348,92.13702382873447,50
5,21.98198198198198,99.83408283859458,92.05145663854975,25
5,23.963963963963963,100.77722624572083,94.25642933948922,50
5,25.945945945945944,101.82763582768963,96.33101396722097,25
5,27.92792792792793,99.719015950332,92.16897827720891,25
5,29.90990990990991,99.71903565166099,92.59042919514998,50
5,31.89189189189189,101.89505537860887,93.97821149451322,25
5,33.873873873873876,100.92092167498349,93.35843424273081,50
5,35.85585585585586,99.43663073687806,91.21689625849365,50
5,37.83783783783784,100.65107205230316,94.77284378856294,25
5,39.81981981981982,99.44389876862505,90.7510509134168,25
5,41.8018018018018,99.4411242957157,92.39229245624466,50
5,43.78378378378378,100.29035472587924,90.38935530883323,50
5,45.765765765765764,97.70406370641064,91.91406164976121,25
5,47.74774774774775,97.93009860098437,88.46669343677704,25
5,49.729729729729726,99.32525496491083,92.13325365458172,25
5,51.711711711711715,98.78460265559869,92.83091885020956,25
5,53.693693693693696,100.37709679911433,94.13643906370932,50
5,55.67567567567568,98.91037110937455,92.38872990950387,50
5,57.65765765765766,98.30523555839765,90.63114880095694,50
5,59.63963963963964,101.75877852270587,93.9010117771391,50
5,61.62162162162162,99.72906843941615,93.48042925613483,25
5,63.6036036036036,100.08103384562551,92.97270086915212,25
5,65.58558558558559,98.29030217654385,87.8963560980855,50
5,67.56756756756756,99.34674073056978,89.53920975920249,50
5,69.54954954954954,100.13310710765184,92.2267297112489,50
5,71.53153153153153,98.61880770709324,91.27423492227337,50
5,73.51351351351352,100.4508376220148,92.94754738869416,50
5,75.4954954954955,99.27923357209744,91.00003769408289,50
5,77.47747747747748,99.64996750024807,93.78956175345108,50
5,79.45945945945945,99.27795206532473,92.23374660118947,50
5,81.44144144144144,102.22273382141073,97.25966398628117,50
5,83.42342342342343,99.98380333031447,91.88334702478494,25
5,85.4054054054054,98.73074688525291,90.22265567840151,50
5,87.38738738738739,100.98705389452383,94.13886061499991,25
5,89.36936936936937,98.53498762003477,88.56535882645107,25
5,91.35135135135135,100.2506363140057,94.44496048418489,50
5,93.33333333333333,97.64839585134428,92.16495817165901,50
5,95.31531531531532,98.40617674132189,90.35382333780625,25
5,97.29729729729729,,90.91423467777336,25
5,99.27927927927928,100.8861598959945,90.57324133178066,50
5,101.26126126126125,100.20564193742797,93.07126562902867,25
5,103.24324324324324,99.86122206113411,90.38482243260879,50
5,105.22522522522523,99.63867556529286,91.80238421548987,50
5,107.2072072072072,98.22577361155909,90.5549848317406,50
5,109.1891891891892,99.13618694992635,89.84529163829095,25
5,111.17117117117117,99.44723347484826,90.46766807614705,25
5,113.15315315315316,101.2685466714627,95.59637815018232,50
5,115.13513513513513,100.41234194748215,90.12509899046087,25
5,117.11711711711712,97.88435181356472,87.70610667423543,25
5,119.09909909909909,100.38890076327375,93.18346103175426,25
5,121.08108108108108,99.53790126350042,90.76473650388485,25
5,123.06306306306305,99.18769359963285,90.23151318507361,25
5,125.04504504504504,100.73401154660904,92.09219008706236,25
5,127.02702702702703,101.23719942699515,93.77617067127679,25
5,129.009009009009,101.11753614293944,93.80280903268437,50
5,130.990990990991,98.99293897213283,90.67343224078216,25
5,132.97297297297297,99.62894514897854,89.47633810657598,25
5,134.95495495495496,100.39751611768428,91.15292669660343,25
5,136.93693693693695,101.17065415254683,93.26171078581112,25
5,138.9189189189189,99.42499091458565,89.76690230807259,25
5,140.9009009009009,99.77720922800341,95.51380694273232,25
5,142.88288288288288,98.67239803119277,88.37735758874273,25
5,144.86486486486484,98.56455205110319,92.56655515170277,25
5,146.84684684684686,100.97503098687304,92.87544915573449,50
5,148.82882882882882,101.627488034285,94.62807395730529,25
5,150.8108108108108,99.9135878541036,93.14101547309036,25
5,152.7927927927928,101.20423947747042,90.71272902613238,25
5,154.77477477477478,100.43396323005716,92.34956908607904,25
5,156.75675675675674,99.22585629447386,89.88447885025616,50
5,158.73873873873873,100.43367472661009,91.64675829763158,50
5,160.72072072072072,101.84564387975917,92.23710966595151,50
5,162.7027027027027,99.95700875306805,90.91312726782903,50
5,164.68468468468467,101.87757238697681,94.83773639893533,50
5,166.66666666666666,96.8563058750923,86.3619056459216,50
5,168.64864864864865,100.98628300525027,92.69124220431657,50
5,170.63063063063063,100.1044564818858,93.36797797852408,50
5,172.61261261261262,99.64119117944097,91.17633689386281,50
5,174.59459459459458,100.11011293184261,88.71627054318844,50
5,176.57657657657657,97.61491730247893,87.16120631093031,50
5,178.55855855855856,99.73639373459498,91.04531788215272,50
5,180.54054054054055,100.42853508581409,91.702691912562,50
5,182.5225225225225,101.77347285368982,92.97052002511049,50
5,184.5045045045045,99.37807573807163,86.94187268164929,50
5,186.48648648648648,99.02980767652818,89.1001477414241,50
5,188.46846846846847,99.39789154769855,89.36039664447951,25
5,190.45045045045046,101.09848254124249,90.12494925208662,50
5,192.43243243243242,100.39450133159163,90.57253380926807,25
5,194.4144144144144,99.36428775547955,90.25339151475114,50
5,196.3963963963964,100.61592091973603,91.37531055822836,50
5,198.3783783783784,100.11649305921765,90.65308413752793,25
5,200.36036036036035,101.16237398863947,91.61172085691776,50
5,202.34234234234233,99.15753628734717,88.42392980972954,25
5,204.32432432432432,99.60680542408268,89.85104875753389,25
5,206.3063063063063,99.5294702162414,88.71699658690453,25
5,208.28828828828827,98.24378206224145,88.61566774321514,50
5,210.27027027027026,100.35534433247749,90.45252668213848,50
5,212.25225225225225,100.31326632661586,93.49002681287348,50
5,214.23423423423424,100.00613614797095,88.77542841970102,25
5,216.21621621621622,99.71849543994982,89.30687083421094,25
5,218.19819819819818,98.3015551095395,86.87697237718245,50
5,220.18018018018017,99.49522561268157,93.87636543672886,50
5,222.16216216216216,99.58874258016787,86.45726160407787,50
5,224.14414414414415,99.03726727693406,89.21205712457223,50
5,226.1261261261261,99.8064571460008,88.07391265062425,50
5,228.1081081081081,100.48486102817745,91.9387739729198,25
5,230.0900900900901,102.26342308145263,91.20264060223715,25
5,232.07207207207207,100.20949337539821,91.61231942286139,25
5,234.05405405405406,100.30906046886732,91.03174093693805,50
5,236.03603603603602,99.9106649010806,86.79096922163177,25
5,238.018018018018,97.69747454164116,87.69917381846186,25
5,240.0,99.96818334946094,89.32203403969136,25
5,241.981981981982,100.07227625192924,88.41149898022043,25
5,243.96396396396395,102.95589053498234,91.82101635167209,25
5,245.94594594594594,99.76916684226265,89.11651145752026,50
5,247.92792792792793,100.36185681080033,89.35171260439829,25
5,249.9099099099099,99.9583458763537,85.85484412011792,50
5,251.89189189189187,98.59758635485656,88.14996049635289,50
5,253.87387387387386,101.37138737741803,90.50000907761586,50
5,255.85585585585585,100.90231963922413,88.7209326398073,50
5,257.8378378378378,100.94923833645166,88.6498683559336,50
5,259.8198198198198,98.9087350542463,86.45143283914898,25
5,261.8018018018018,101.68335317312332,90.01282540764711,25
5,263.78378378378375,98.31777872464926,89.28417798563687,50
5,265.76576576576576,100.70422851256032,87.47029743032489,50
5,267.7477477477478,102.62854675097198,93.52860538104055,50
5,269.7297297297297,98.81135640984317,87.50226807684949,25
5,271.7117117117117,99.32044272447668,89.5610456886949,50
5,273.6936936936937,100.11958163810517,89.28930267150818,25
5,275.6756756756757,99.39582921506056,87.94052343744318,50
5,277.65765765765764,98.13920388272064,86.65933022170739,25
5,279.63963963963965,100.08227556976723,88.41588092490079,50
5,281.6216216216216,98.72523554352867,85.23547945075151,25
5,283.6036036036036,100.56831091676221,88.78314459962638,50
5,285.5855855855856,98.89669091891943,88.12238533131486,25
5,287.56756756756755,101.85992128602105,89.23757431737229,25
5,289.54954954954957,99.06009604919652,86.06399842391767,25
5,291.5315315315315,99.6135261805532,90.20737033569111,25
5,293.5135135135135,100.97622066084361,88.79687731282559,25
5,295.4954954954955,98.52296282027925,86.15228478789398,25
5,297.47747747747746,100.27295192152495,89.36470258197035,25
5,299.4594594594595,101.56857130513892,88.11474081490121,50
5,301.44144144144144,98.07102011852653,86.87015755312937,50
5,303.4234234234234,100.22156063023877,88.57157432840984,50
5,305.4054054054054,100.31185935309811,89.07416979222663,50
5,307.3873873873874,100.93818744613277,89.3818459017876,50
5,309.36936936936934,98.5156591469463,88.59142312864046,25
5,311.35135135135135,98.41545206429886,88.97120406386598,25
5,313.3333333333333,100.62632987874028,86.59457228390282,25
5,315.31531531531533,100.35638160787983,89.95114795468164,25
5,317.2972972972973,100.30059142041505,90.07632859324815,25
5,319.27927927927925,100.41573785139637,91.89879599477491,50
5,321.26126126126127,99.18397033410581,88.35971025293736,50
5,323.2432432432432,100.2787044365932,90.44496074832607,50
5,325.22522522522524,100.35168696795841,86.0346101736998,50
5,327.2072072072072,99.14277829836836,85.73832293462468,25
5,329.18918918918916,102.23892941337371,91.34574952573489,25
5,331.1711711711712,100.56859950509414,85.2288647159966,25
5,333.15315315315314,98.57043580335682,85.10103081611267,50
5,335.1351351351351,100.78786433036059,89.24267897319109,25
5,337.1171171171171,98.83038199572721,90.51138245992946,50
5,339.0990990990991,100.94450152449095,85.40430388182105,25
5,341.0810810810811,101.39031469480888,91.3352139354948,25
5,343.06306306306305,99.01518121797795,89.30814420327816,50
5,345.045045045045,101.15605135509318,87.41138489626792,25
5,347.02702702702703,100.4953371123238,84.5892220163284,25
5,349.009009009009,100.98647219199339,86.62790080206544,50
5,350.990990990991,102.27615157918474,89.11245006126836,25
5,352.97297297297297,99.70553426079655,86.45988923478511,50
5,354.9549549549549,99.09551660277101,85.42620407541136,25
5,356.93693693693695,98.93258268444937,85.36932493490436,25
5,358.9189189189189,99.02102765804148,86.13869998154688,25
5,360.9009009009009,99.90747794870308,87.25496007655904,25
5,362.8828828828829,100.40938236977998,87.97138016973737,25
5,364.86486486486484,100.33202895919602,88.89540827492847,25
5,366.84684684684686,100.99261989884323,88.81038927090015,25
5,368.8288288288288,100.0156022702535,89.91611857262765,25
5,370.8108108108108,101.74424089258878,89.2171557381863,50
5,372.7927927927928,99.68241180011445,88.45502819057056,50
5,374.77477477477476,103.26420299990754,92.17364102978524,25
5,376.7567567567568,100.75080081731801,87.69933796896618,25
5,378.73873873873873,98.97141093230046,84.06611020548627,50
5,380.7207207207207,98.71492900232667,84.48448112035022,25
5,382.7027027027027,100.57896689829182,90.04606915507794,25
5,384.68468468468467,99.73184465760897,88.29196253814015,50
5,386.6666666666667,100.85680059291052,86.4856438109282,25
5,388.64864864864865,100.56788514948825,89.04594056412003,25
5,390.6306306306306,99.91260530481175,87.21820367845594,50
5,392.6126126126126,98.98384753831792,85.09174236275406,25
5,394.5945945945946,98.18218333037696,86.53199730996971,25
5,396.57657657657654,99.46418205751958,86.16774041992227,50
5,398.55855855855856,101.02767855318817,89.85466274151142,25
5,400.5405405405405,100.25691249295625,87.94923422915333,50
5,402.52252252252254,98.50511346554562,84.78003515892641,25
5,404.5045045045045,100.20781711102141,89.31622663023784,25
5,406.48648648648646,100.46238085567461,86.48491199197726,50
5,408.4684684684685,98.93937107655864,85.61639534251623,50
5,410.45045045045043,100.18447012713463,85.9676270874008,25
5,412.43243243243245,100.0698504621352,86.31019547725441,50
5,414.4144144144144,98.62843564260325,83.12276553818302,50
5,416.39639639639637,100.42934483241794,86.74637294331094,25
5,418.3783783783784,100.67294143164189,87.78623893251896,25
5,420.36036036036035,101.29966149181033,87.54972875077542,25
5,422.34234234234236,101.26456246244189,86.84745325672515,50
5,424.3243243243243,98.34679675845149,84.6356688151251,50
5,426.3063063063063,98.87460995210185,85.14020890178251,50
5,428.2882882882883,100.61804232065039,87.96184066317133,50
5,430.27027027027026,100.61654314109465,87.86602965255621,25
5,432.2522522522522,100.61805722356726,88.94142459072626,50
5,434.23423423423424,104.62327778878567,88.18269645778905,25
5,436.2162162162162,100.6850686128318,88.69897157402684,50
5,438.1981981981982,101.36267876821672,88.51446899734302,25
5,440.1801801801802,101.14480211619184,88.29916977130239,25
5,442.16216216216213,100.78166950156695,85.48036401723137,25
5,444.14414414414415,99.62167690643159,86.06950682927504,50
5,446.1261261261261,100.91076306459192,85.00887968531104,25
5,448.1081081081081,99.07260974255492,86.01689973297478,25
5,450.0900900900901,99.71581767191199,85.19570480695467,50
5,452.07207207207205,99.41756374260508,86.53328702519742,25
5,454.05405405405406,100.09824896726359,82.70755230263053,50
5,456.036036036036,102.77759028000821,90.35033925990383,50
5,458.018018018018,97.7592817688899,83.05022637922504,25
5,460.0,100.82351222844942,85.59284690705127,25
5,461.98198198198196,98.06474095457241,83.12836663271949,50
5,463.963963963964,99.43368176105268,85.3602618980179,25
5,465.94594594594594,101.30674071636084,87.11444473893395,50
5,467.9279279279279,100.07713602291456,85.58871611224319,50
5,469.9099099099099,98.70670626648483,84.46883089054919,50
5,471.8918918918919,99.14163554888803,83.20176281964162,25
5,473.8738738738739,100.81551729872162,82.97000306660486,50
5,475.85585585585585,99.12356004193944,85.39439231404579,25
5,477.8378378378378,100.25975030749836,87.7133736957859,25
5,479.8198198198198,100.05468620788457,85.5503525236547,25
5,481.8018018018018,99.21807958287302,80.6760831439591,25
5,483.78378378378375,102.57273290719039,89.07013665103688,50
5,485.76576576576576,100.76070282678161,83.55824383483173,25
5,487.7477477477477,97.56982889601088,80.27381821543676,50
5,489.72972972972974,100.22374517772332,86.23899240515017,50
5,491.7117117117117,99.20585624227793,83.50157081268921,25
5,493.69369369369366,101.02292000175547,83.69383858057617,50
5,495.6756756756757,99.04897511388076,84.69550456319983,50
5,497.65765765765764,99.86231627023972,85.20984897255542,25
5,499.63963963963965,100.60598473477656,86.484992592186,50
5,501.6216216216216,101.03890623300414,87.53185213985425,50
5,503.6036036036036,98.55964431153306,84.46869576426721,50
5,505.5855855855856,99.59859851699086,86.3339683765937,50
5,507.56756756756755,99.43006562660685,84.24272420800179,25
5,509.54954954954957,99.21600492091154,85.19907287560761,50
5,511.5315315315315,102.11854508833731,86.56029865308362,50
5,513.5135135135135,100.48597805315315,87.57657827921534,50
5,515.4954954954956,98.48693925479795,82.71169998755734,50
5,517.4774774774775,101.10143433646573,84.53654629945774,25
5,519.4594594594594,102.54658743641517,90.18692063000208,50
5,521.4414414414414,101.23895831266138,85.29192751194408,25
5,523.4234234234234,98.17675604085518,80.91363093052362,50
5,525.4054054054054,99.4189191125605,85.77608334330002,25
5,527.3873873873874,101.52029337902395,83.51846182579442,25
5,529.3693693693693,99.15079664125746,82.99361947855974,25
5,531.3513513513514,100.53258331377548,86.02577677308877,25
5,533.3333333333334,100.9295608641152,85.41321448060177,25
5,535.3153153153153,98.88768343410631,82.41451738964805,50
5,537.2972972972973,99.92856957272583,84.14321013425587,50
5,539.2792792792793,96.11047919191711,79.59531817622053,50
5,541.2612612612612,98.77073483039885,84.4090425173152,25
5,543.2432432432432,99.69691821832821,83.66449860389571,50
5,545.2252252252252,98.50266018164218,84.8091778729456,25
5,547.2072072072071,101.95889356471797,86.27600292701129,25
5,549.1891891891892,98.28383034644725,83.75428640323902,50
5,551.1711711711712,99.47194661596362,84.65416044876719,50
5,553.1531531531532,100.15688869274331,82.3459921731709,25
5,555.1351351351351,101.72952794687934,84.10013033355551,25
5,557.1171171171171,98.27696541858467,81.33515012911579,50
5,559.0990990990991,101.39579650258595,86.97048186581104,50
5,561.081081081081,100.0122796732235,84.38743288830625,50
5,563.063063063063,98.82218961874246,80.86740793363855,50
5,565.0450450450451,100.55452416911592,84.17113798784526,25
5,567.027027027027,100.23887163468817,80.55339083822915,50
5,569.009009009009,99.27973974740945,82.44760082615574,50
5,570.990990990991,100.08376250198802,83.51785098941514,50
5,572.9729729729729,99.53762368376589,83.68778486655613,25
5,574.9549549549549,100.1362208143015,83.58672026793889,25
5,576.936936936937,100.79455680942526,84.6383966991312,25
5,578.918918918919,101.90322017937443,84.420516623801,25
5,580.9009009009009,98.51462140140778,80.6233517099997,50
5,582.8828828828829,102.55964004958751,87.24673234845756,25
5,584.8648648648649,97.65749464057299,83.12677650334209,50
5,586.8468468468468,99.8178578859573,86.008922702369,50
5,588.8288288288288,100.70598064778149,83.34507473849375,50
5,590.8108108108108,100.33719024128204,85.35764555594827,50
5,592.7927927927927,99.2527605762153,85.81182619537375,25
5,594.7747747747748,99.75025329957127,82.46143944682888,25
5,596.7567567567568,99.4083988784094,78.92727798063859,25
5,598.7387387387387,99.29276229166695,82.52457136167949,50
5,600.7207207207207,101.01952251642523,82.94881338177478,50
5,602.7027027027027,100.42841858315806,83.45702589668807,50
5,604.6846846846847,99.16850848568721,82.4325186411496,50
5,606.6666666666666,101.0795198505199,82.78090512603825,50
5,608.6486486486486,100.36875942505193,83.84849556565923,25
5,610.6306306306307,100.97543454260675,83.58299472014754,50
5,612.6126126126126,100.75555461030834,83.24598087398729,25
5,614.5945945945946,99.00520598689351,82.94463896465538,50
5,616.5765765765766,99.32778275176364,80.74134084908047,50
5,618.5585585585585,100.89675232614792,84.02513790713698,25
5,620.5405405405405,100.73244431852015,84.69633232802968,25
5,622.5225225225225,99.97491808724303,81.96474791648201,50
5,624.5045045045044,100.14079285997053,84.247413751576,50
5,626.4864864864865,101.53319787494611,84.21416938213567,50
5,628.4684684684685,99.290114333397,81.99136039593088,50
5,630.4504504504505,100.65651685740404,81.67956540054857,25
5,632.4324324324324,99.75736881707932,81.66153768397561,50
5,634.4144144144144,99.73878255612733,82.35686353478559,25
5,636.3963963963964,101.31853222238463,82.63674763844907,50
5,638.3783783783783,100.99049961878563,81.41437748444886,25
5,640.3603603603603,100.97621156320076,82.61300961718649,25
5,642.3423423423424,101.5665745685852,83.98888347665796,50
5,644.3243243243243,100.02520460995932,84.39512112064672,25
5,646.3063063063063,100.81834356555396,84.78250054665351,50
5,648.2882882882883,99.62767989208785,82.41632775943066,25
5,650.2702702702702,100.38899962298613,83.59840306136019,50
5,652.2522522522522,,82.38374474869642,25
5,654.2342342342342,100.11639515799126,82.25520405442938,50
5,656.2162162162163,100.7141884305243,82.10775740709732,50
5,658.1981981981982,99.01813518011983,81.2763157796409,25
5,660.1801801801802,102.51086473082255,83.89786902184,25
5,662.1621621621622,98.79277914220036,80.77714860106626,25
5,664.1441441441441,98.54297366465472,83.55157891959094,25
15,666.1261261261261,101.38973304820009,84.80846586865795,50
15,668.1081081081081,100.94999523275553,83.140180620392,25
15,670.09009009009,100.74894378046258,84.50186427310263,50
15,672.072072072072,100.75401461111714,81.75682421882554,25
15,674.0540540540541,99.9853038725837,79.55620465109519,50
15,676.0360360360361,98.923294754217,78.92650332802238,50
15,678.018018018018,100.09096546983247,82.20680545190345,50
15,680.0,99.18740594618546,78.71131674091053,50
15,681.981981981982,101.1701436801013,82.67146681862246,25
15,683.9639639639639,99.82353114219744,82.01780874752315,25
15,685.9459459459459,99.00940336384899,81.58248033213337,50
15,687.927927927928,99.61433699001641,81.6853388170459,25
15,689.9099099099099,100.49551774513075,82.65940459456422,25
15,691.8918918918919,99.32353053663523,80.61385214901794,50
15,693.8738738738739,99.01333552532029,80.28274482401577,25
15,695.8558558558558,100.29242465379029,81.76245021815477,25
15,697.8378378378378,100.29395988533047,81.07747154962986,25
15,699.8198198198198,99.39166818955465,79.00894202061838,50
15,701.8018018018018,99.43475403325802,79.37799039766361,25
15,703.7837837837837,100.27845992482916,83.83769876939591,50
15,705.7657657657658,98.26229879020322,83.38939670877237,25
15,707.7477477477478,98.31104347074813,78.17010414442976,25
15,709.7297297297297,,82.41304984698507,25
15,711.7117117117117,99.74386341794579,81.270200709974,50
15,713.6936936936937,100.37308907871761,83.28177213132017,50
15,715.6756756756756,101.77042746033946,85.59123595454733,25
15,717.6576576576576,101.02919154784243,81.29915961769741,50
15,719.6396396396397,99.80807376404388,79.7158275100764,25
15,721.6216216216216,99.97718055051678,81.85275696241767,50
15,723.6036036036036,98.79696476243463,83.65866333578712,50
15,725.5855855855856,99.97778423680913,81.73661036864732,25
15,727.5675675675676,99.65360963329583,79.9696874089758,25
15,729.5495495495495,100.3872622724057,83.47373773367501,25
15,731.5315315315315,99.00732286773722,79.56471542050092,25
15,733.5135135135135,100.6232158170894,81.44293734760565,50
15,735.4954954954954,101.83928669560309,81.73143052728254,50
15,737.4774774774775,99.86948782185178,80.41552267463595,50
15,739.4594594594595,100.48205406651873,82.6313872075708,25
15,741.4414414414414,100.82817279005333,79.68736959161065,25
15,743.4234234234234,99.518535433737,80.37470817165584,50
15,745.4054054054054,100.2689109781725,80.8925704901401,25
15,747.3873873873873,100.01511088093815,81.96203984657498,50
15,749.3693693693693,100.1172113182586,81.29348604639722,50
15,751.3513513513514,99.07238825937344,80.87526800608947,50
15,753.3333333333334,100.02941220911073,80.72883129899586,50
15,755.3153153153153,100.59759794949454,78.43435955360536,50
15,757.2972972972973,,84.16787269239974,25
15,759.2792792792793,101.15112499130225,83.90444006109034,25
15,761.2612612612612,102.58381894901387,80.67436075507075,25
15,763.2432432432432,99.07918292453434,79.65479006188376,50
15,765.2252252252252,101.04678476406481,82.27633981800062,50
15,767.2072072072071,100.22001040688602,78.85042364606218,50
15,769.1891891891892,102.6277635198612,83.6907814240611,50
15,771.1711711711712,99.03004205757382,76.40994640617234,25
15,773.1531531531531,98.99233378938307,78.0586882256174,25
15,775.1351351351351,99.28072882546718,80.0601635052533,50
15,777.1171171171171,97.45132513082824,74.22725470282188,50
15,779.0990990990991,99.36909397398308,80.2538825747043,50
15,781.081081081081,99.08904080613556,77.91643828866214,25
15,783.063063063063,100.18047254377144,79.63639853802657,25
15,785.0450450450451,100.41010717093259,78.32668442602358,25
15,787.027027027027,102.25140500705906,79.7426517254823,50
15,789.009009009009,101.14050860582326,80.89034022006244,50
15,790.990990990991,99.30771561320512,80.20000458088656,25
15,792.9729729729729,,77.95843066645978,50
15,794.9549549549549,100.59030300580781,81.29768687124678,25
15,796.936936936937,98.41572015157523,75.05077441542043,50
15,798.9189189189188,102.19775051902522,81.61240698186057,25
15,800.9009009009009,101.41532814486554,81.5470942556175,50
15,802.8828828828829,99.43698921747435,78.70807686678509,25
15,804.8648648648649,97.94423856509094,79.47736043181791,25
15,806.8468468468468,101.6246468489985,82.55882466352122,25
15,808.8288288288288,99.86255218569686,77.5030124048613,25
15,810.8108108108108,101.48537957436815,81.87612639823065,25
15,812.7927927927927,98.08668680944676,79.0267830131994,25
15,814.7747747747748,99.28074997245547,77.8098248977186,50
15,816.7567567567568,100.00629243966182,77.52611458604571,50
15,818.7387387387387,100.05637671251769,78.24064944922279,50
15,820.7207207207207,99.45992143422491,77.19287693254321,25
15,822.7027027027027,100.747419918817,81.07396390302254,25
15,824.6846846846847,98.71885548474089,80.00724716052932,50
15,826.6666666666666,99.82914461797445,76.69714414004122,25
15,828.6486486486486,100.14435475805428,79.7126988406418,25
15,830.6306306306307,100.6173266008705,80.04222477420171,25
15,832.6126126126126,100.85393785370667,77.87461961390605,25
15,834.5945945945946,98.65042948979456,76.79338177299087,25
15,836.5765765765766,98.15906299511725,76.41685295861646,50
15,838.5585585585585,101.5332121862782,77.19165461487253,50
15,840.5405405405405,100.39877681437551,80.23432443021599,50
15,842.5225225225225,99.10181615613213,76.54465055860487,50
15,844.5045045045044,101.86138237062703,80.57478160220032,50
15,846.4864864864865,100.13880956115143,78.49916438609979,25
15,848.4684684684685,101.41515662087659,77.85002154882537,25
15,850.4504504504505,100.08102217769213,78.01116043514959,25
15,852.4324324324324,102.47289750985838,80.32166960750016,25
15,854.4144144144144,102.10640901093184,79.11818854550768,50
15,856.3963963963964,99.7012430218251,78.8335369810043,50
15,858.3783783783783,101.16588514114522,80.97388883134292,50
15,860.3603603603603,100.77445113950218,80.85517844404724,25
15,862.3423423423424,101.64235786903882,83.06973059094067,50
15,864.3243243243243,98.84209184730388,74.19994331455555,25
15,866.3063063063063,100.82326175199813,80.88456078706714,50
15,868.2882882882883,101.27010938421951,79.97280063040898,50
15,870.2702702702702,97.88951261629227,76.63986770126078,25
15,872.2522522522522,98.58008978480107,76.41843919754689,25
15,874.2342342342342,97.55292138668788,74.59309935166273,50
15,876.2162162162163,99.67671179866653,76.61410967423502,50
15,878.1981981981982,100.86105070695515,79.92809929724099,25
15,880.1801801801802,101.80282846251524,80.21026778995162,50
15,882.1621621621622,100.08891373650373,77.78612489185235,50
15,884.1441441441441,101.95433865468556,80.41278074936628,25
15,886.1261261261261,98.34387825014213,73.98258961584187,50
15,888.1081081081081,97.95594107277381,75.2335326993705,25
15,890.09009009009,99.93334276132406,76.80940446062772,50
15,892.072072072072,100.46087853872717,77.40925933842875,25
15,894.0540540540541,99.96076630228708,76.10758254308612,50
15,896.036036036036,97.51906947995215,75.11888849324794,25
15,898.018018018018,99.89305595258466,79.6739795501941,50
15,900.0,98.43463659939418,75.63510467176522,25
15,901.981981981982,100.80360705859604,79.54496672360811,50
15,903.9639639639639,100.43991789531621,78.9614915665895,50
15,905.9459459459459,98.87214425640717,75.6855712012475,50
15,907.927927927928,99.38335969919596,75.1832323893428,50
15,909.9099099099099,98.72894377373326,76.31865803025079,50
15,911.8918918918919,99.9247850832722,77.0474815103197,50
15,913.8738738738739,101.14617078460148,76.14311863791889,50
15,915.8558558558558,98.81712874439735,75.9705935697591,50
15,917.8378378378378,100.60485581862142,74.18125006626974,50
15,919.8198198198198,99.36369085795307,75.95866963274901,25
15,921.8018018018017,99.04855260128518,79.09726430758647,25
15,923.7837837837837,99.87156356805453,76.11344302828962,50
15,925.7657657657658,98.75770921309675,75.5221878519888,25
15,927.7477477477478,99.33562083358338,74.7015322429998,50
15,929.7297297297297,98.56254652889338,74.81763936685331,50
15,931.7117117117117,102.35767015949966,79.79454332466452,25
15,933.6936936936937,100.04231626236607,79.07227713031364,50
15,935.6756756756756,99.1603293904089,76.63170211417578,50
15,937.6576576576576,100.25677589288107,78.65471873635718,25
15,939.6396396396397,99.865206340371,77.82247800156458,25
15,941.6216216216216,99.73483648056013,75.90277968474004,50
15,943.6036036036036,100.73700004005211,75.24727841866013,25
15,945.5855855855856,100.90900925205676,77.29646141678175,25
15,947.5675675675675,99.36339862286736,78.10100699970393,50
15,949.5495495495495,99.30901811122638,75.55022221700428,25
15,951.5315315315315,99.66993796341802,74.74742316588197,25
15,953.5135135135135,97.2376946023173,74.98912571555313,50
15,955.4954954954954,98.18177072536174,75.1838775564522,25
15,957.4774774774775,101.64024912093343,78.38362223424505,25
15,959.4594594594595,101.97396125620153,79.88103845555463,50
15,961.4414414414414,99.70115675253234,75.4227901558206,50
15,963.4234234234234,100.69186835566693,77.53166895695698,50
15,965.4054054054054,100.37350018545224,76.36690422229441,25
15,967.3873873873873,103.69465697014628,81.61292226387647,50
15,969.3693693693693,101.3434898937215,78.55102869555796,50
15,971.3513513513514,99.84649889022307,75.2786025291571,25
15,973.3333333333334,98.8533514712795,75.89260119941714,50
15,975.3153153153153,98.07226441569091,71.92614296316513,50
15,977.2972972972973,100.24415636304067,77.25225929011123,50
15,979.2792792792793,99.09237910565884,75.12832499000399,50
15,981.2612612612612,98.29329554848279,73.23170659797046,25
15,983.2432432432432,99.22411253890897,77.65328275993014,50
15,985.2252252252252,98.70214239566273,77.60930155957985,50
15,987.2072072072071,102.02456996208707,80.54332470421248,25
15,989.1891891891892,101.05796770833933,75.35868614779315,50
15,991.1711711711712,99.99043283042006,76.97713896817766,25
15,993.1531531531531,101.77593296666804,74.0618772814089,25
15,995.1351351351351,100.09284196917714,77.0267809347308,25
15,997.1171171171171,98.96645895840608,74.74152389550241,50
15,999.0990990990991,101.82774889272359,75.530800180088,25
15,1001.081081081081,100.64669205242159,73.61809326072344,25
15,1003.063063063063,98.75530461480825,71.60791411471853,25
15,1005.0450450450451,99.77159358629967,73.86823342959914,50
15,1007.027027027027,,73.28667782073461,50
15,1009.009009009009,98.3406403228428,73.28968773687886,50
15,1010.990990990991,101.11141305703796,75.74603360495017,50
15,1012.9729729729729,102.29129996856416,78.88456502954345,50
15,1014.9549549549549,98.32171891141704,75.2798280473613,50
15,1016.936936936937,100.67556308402868,76.37575990528025,50
15,1018.9189189189188,99.21922891705381,75.13396531030067,25
15,1020.9009009009009,99.41544953948237,75.71907539725706,25
15,1022.8828828828829,99.28912729091336,73.8326542278364,25
15,1024.864864864865,98.96321107638423,73.08268569596089,25
15,1026.8468468468468,100.05822595353379,75.44237238085279,50
15,1028.8288288288288,99.00285986030676,72.26764581980495,25
15,1030.8108108108108,100.3245481909358,77.48248726754147,25
15,1032.7927927927926,99.93971426866104,75.63993318731035,25
15,1034.7747747747749,99.7132623437603,76.16254987871856,25
15,1036.7567567567567,98.91092360555008,77.04910690953805,50
15,1038.7387387387387,99.307874403318,74.73459813478475,50
15,1040.7207207207207,100.90646947099091,76.35611776059287,50
15,1042.7027027027027,100.60110062514926,73.56227736163741,25
15,1044.6846846846847,98.82693370624173,73.07639185508523,50
15,1046.6666666666667,100.11919876651507,76.81547900300887,25
15,1048.6486486486485,100.90166454804614,73.24485002286919,50
15,1050.6306306306305,97.99671366265436,71.25381176801498,50
15,1052.6126126126126,100.65203223085592,74.83185864862597,50
15,1054.5945945945946,99.20485148926498,74.56187493483704,50
15,1056.5765765765766,100.68471840231179,77.10549887901863,50
15,1058.5585585585586,,74.5883451222015,25
15,1060.5405405405406,97.83414147920257,71.11128881991657,50
15,1062.5225225225224,98.04694907454021,70.09466421023289,25
15,1064.5045045045044,100.05770193599366,72.5817555625043,25
15,1066.4864864864865,100.31166700206578,75.84818437798843,25
15,1068.4684684684685,98.9148200498747,75.36181376737579,25
15,1070.4504504504505,100.76631095053285,75.28687347205795,25
15,1072.4324324324325,98.00617592527725,75.35505118983774,50
15,1074.4144144144143,99.92070424162323,74.09649321088659,50
15,1076.3963963963963,98.54678056028506,73.39304930459792,50
15,1078.3783783783783,99.21779667063741,74.50604061262896,50
15,1080.3603603603603,100.0568784055797,77.0024465199934,25
15,1082.3423423423424,98.96750396165926,72.71494163964252,50
15,1084.3243243243244,99.53853334692421,74.81974676857924,50
15,1086.3063063063064,101.20755137105733,77.40891311110926,25
15,1088.2882882882882,99.30772975657221,78.0269338873055,25
15,1090.2702702702702,101.00283053447816,75.41923802718927,50
15,1092.2522522522522,98.64435177441086,70.3254338388657,50
15,1094.2342342342342,100.63576501349834,72.44765997546033,25
15,1096.2162162162163,101.72988234478947,76.68363483777699,50
15,1098.1981981981983,97.03402659984725,72.16977712282235,50
15,1100.18018018018,99.04372569343543,72.53732106607966,50
15,1102.162162162162,100.69248655261664,76.35114579248017,50
15,1104.144144144144,99.75634553674841,73.42906309242463,25
15,1106.126126126126,100.44537504804558,73.38598436019828,25
15,1108.1081081081081,99.27521777594102,71.48887199416862,25
15,1110.0900900900901,100.10390774496749,74.2725172380658,50
15,1112.0720720720722,99.81318731752951,74.10140064549766,50
15,1114.054054054054,101.40133847399177,76.66533938115364,50
15,1116.036036036036,100.30530501196145,75.45697689437259,50
15,1118.018018018018,100.40512319449024,74.62051720801821,50
15,1120.0,99.50574764065304,72.79469938042877,25
15,1121.981981981982,99.414872531113,71.84881991608745,50
15,1123.963963963964,99.48093017461646,74.45434724928563,50
15,1125.9459459459458,100.47334257085396,71.96728269038765,25
15,1127.9279279279278,99.49481862301569,73.59880132187683,50
15,1129.9099099099099,100.34772982827569,74.04140239141996,25
15,1131.8918918918919,102.49048095837453,77.23724442304221,25
15,1133.873873873874,101.04534964411803,78.27198030479772,25
15,1135.855855855856,99.60877176139859,71.83729826145161,25
15,1137.837837837838,101.44145670659674,73.85510977987701,25
15,1139.8198198198197,99.51030955237414,73.41554413129471,50
15,1141.8018018018017,97.55425055778657,70.90133204951684,25
15,1143.7837837837837,98.79029642689912,71.42827949223486,25
15,1145.7657657657658,97.75504969476897,73.47508469631501,50
15,1147.7477477477478,99.57818381915042,73.7123033757104,50
15,1149.7297297297298,100.02210205502746,72.13556990045959,25
15,1151.7117117117116,102.01172477473034,77.1623480986734,50
15,1153.6936936936936,100.392312848517,73.18548946378057,50
15,1155.6756756756756,99.73707936542937,74.96978991020231,25
15,1157.6576576576576,100.99528669742018,73.45780388593207,25
15,1159.6396396396397,97.34663762919054,70.52658633912326,50
15,1161.6216216216217,100.28273746973028,75.79624600439935,25
15,1163.6036036036037,100.92503823266436,72.23306433611374,25
15,1165.5855855855855,98.22569650506419,72.34704332972072,50
15,1167.5675675675675,101.37250485184832,75.57166729115367,25
15,1169.5495495495495,100.4061956889933,73.05345000125499,25
15,1171.5315315315315,99.50165450331905,70.69113091160841,25
15,1173.5135135135135,100.75933823932755,75.1598277245519,25
15,1175.4954954954956,,75.47339273567441,25
15,1177.4774774774774,100.21823950607019,72.38042016097974,50
15,1179.4594594594594,100.2978647035604,72.02793602239542,50
15,1181.4414414414414,99.4487669205517,71.91815864168993,25
15,1183.4234234234234,98.98018675664225,72.22910689364562,50
15,1185.4054054054054,100.9964029798531,74.90049101352889,25
15,1187.3873873873874,98.97269940890936,71.47051061136683,25
15,1189.3693693693695,100.08587948466327,74.28543935399303,25
15,1191.3513513513512,99.42681106388186,76.36451246479945,25
15,1193.3333333333333,100.57477579089567,72.43993608465917,25
15,1195.3153153153153,100.40039452634434,71.52881658903938,50
15,1197.2972972972973,101.24504793310948,77.23809523507089,50
15,1199.2792792792793,99.3879803213743,73.31554935141219,25
15,1201.2612612612613,99.67615007764796,71.12471598343745,50
15,1203.2432432432431,98.82548354106123,68.0808619581153,25
15,1205.2252252252251,99.46684808790867,71.74160347234151,50
15,1207.2072072072071,100.45276059165383,73.8150352737678,25
15,1209.1891891891892,100.90838633997443,73.41732559622628,50
15,1211.1711711711712,98.89340161098684,69.03000590118349,25
15,1213.1531531531532,101.0435271041268,74.17571661605685,25
15,1215.1351351351352,101.62676543056594,74.9531210081089,50
15,1217.117117117117,100.49612188386844,73.31212905903338,50
15,1219.099099099099,102.25215497506969,75.73836410367397,25
15,1221.081081081081,99.0714529610757,70.90798802762406,50
15,1223.063063063063,98.5064143560263,68.05426153318683,25
15,1225.045045045045,97.86553570131487,69.33010598083001,50
15,1227.027027027027,101.79525317378702,74.08729694048996,50
15,1229.0090090090089,100.78523878762486,73.10079352883602,25
15,1230.990990990991,99.93329839490745,74.1202467701146,50
15,1232.972972972973,100.33596235158379,70.81778417234953,50
15,1234.954954954955,98.64941314324194,70.53697974957196,25
15,1236.936936936937,102.93490237554019,74.94075738106127,50
15,1238.918918918919,100.15506541837027,67.06486352606244,25
15,1240.900900900901,100.13127375352587,71.34692817476113,25
15,1242.8828828828828,100.87091994867843,73.62671463192932,25
15,1244.8648648648648,100.57721107808406,72.80917990482482,25
15,1246.8468468468468,100.26866082913496,70.10274902209659,25
15,1248.8288288288288,99.05143065346563,70.40260611874007,50
15,1250.8108108108108,100.5657620285632,74.20858440144465,25
15,1252.7927927927929,102.25842939577004,72.32931572363697,25
15,1254.7747747747746,101.61450405538598,74.03077423774853,50
15,1256.7567567567567,101.91182395196728,70.48025566601935,50
15,1258.7387387387387,99.38654118828258,69.1091717924133,50
15,1260.7207207207207,98.8124742156897,70.79048408620486,25
15,1262.7027027027027,99.84905569588042,69.19888250462911,25
15,1264.6846846846847,100.06686989474643,71.200762304631,25
15,1266.6666666666667,101.31302982216513,71.2338693094818,50
15,1268.6486486486485,,68.40626754272483,25
15,1270.6306306306305,101.83546038335274,74.23364401448771,50
15,1272.6126126126126,99.81039052170522,71.86868824315438,25
15,1274.5945945945946,99.4877427160631,69.00009878698866,50
15,1276.5765765765766,98.7854747496878,70.30925936946923,25
15,1278.5585585585586,98.01417199376108,69.60559063457002,25
15,1280.5405405405404,100.9878047007543,73.3707588400486,25
15,1282.5225225225224,100.08798156062609,70.3671775568305,50
15,1284.5045045045044,98.45204692031074,66.23717846036493,50
15,1286.4864864864865,98.44590547352367,70.89044808814832,25
15,1288.4684684684685,99.59705836085185,70.36829674341028,25
15,1290.4504504504505,102.00282583034728,70.65638688911602,25
15,1292.4324324324325,99.68849037836367,70.54416868144845,50
15,1294.4144144144143,98.19622845625827,68.21821130242421,25
15,1296.3963963963963,99.70510832309687,71.96356348018205,25
15,1298.3783783783783,99.67273171630279,69.65946025968051,25
15,1300.3603603603603,96.76373602847012,67.63796593949046,25
15,1302.3423423423424,99.93484616017862,69.01408900449667,50
15,1304.3243243243244,99.72287856374959,68.46396164856463,50
15,1306.3063063063062,100.8354476377761,67.43758866123467,25
15,1308.2882882882882,102.21874731393441,71.80010836492487,25
15,1310.2702702702702,101.3518780354573,71.2783186957192,50
15,1312.2522522522522,99.6773335713342,69.76521657842765,50
15,1314.2342342342342,98.67216890950999,69.5457021325098,25
25,1316.2162162162163,103.08803176389983,72.8884141068154,50
25,1318.1981981981983,100.07106212081739,70.78659666845836,50
25,1320.18018018018,100.01671515029554,70.00078044264788,25
25,1322.162162162162,99.971049895468,68.19573467313714,50
25,1324.144144144144,100.23770171292142,71.91292096624629,50
25,1326.126126126126,99.82676750569127,68.24667939372743,25
25,1328.1081081081081,99.31160559174371,67.42998704478796,25
25,1330.0900900900901,99.34376927051153,69.57925043937652,50
25,1332.0720720720722,99.9606960757408,73.16618112695639,25
25,1334.054054054054,99.34789027463948,70.24665028230817,50
25,1336.036036036036,99.1445850607874,67.1504445922971,25
25,1338.018018018018,100.12771627323028,70.07769404235428,50
25,1340.0,99.69402733909497,71.07298068753734,25
25,1341.981981981982,101.80479158629923,72.40627829246588,50
25,1343.963963963964,96.81883622992838,65.3665548388202,50
25,1345.9459459459458,101.30980822230696,70.26268084297786,50
25,1347.9279279279278,101.49530223099715,71.59099767704899,25
25,1349.9099099099099,97.51193172111022,67.76378996045386,25
25,1351.8918918918919,99.58877488710358,69.84235805661527,50
25,1353.873873873874,99.55427096080506,70.56815650782309,50
25,1355.855855855856,98.31098596633862,65.48251702672906,25
25,1357.837837837838,99.06661997489095,69.10901959762688,25
25,1359.8198198198197,98.66730898544101,66.36481444744601,25
25,1361.8018018018017,102.10272453210834,69.30831802179223,25
25,1363.7837837837837,101.12281407177696,69.07723961644692,25
25,1365.7657657657658,101.52586611399299,71.58951279928628,25
25,1367.7477477477478,100.86600647685188,69.6409518818875,50
25,1369.7297297297298,98.64513787453933,68.02629614899057,25
25,1371.7117117117116,99.37057568046427,70.03531766074866,50
25,1373.6936936936936,100.5872494734735,69.37422406440461,25
25,1375.6756756756756,98.53344662932966,69.53984415390721,25
25,1377.6576576576576,100.85559811620686,68.27624119567668,50
25,1379.6396396396397,99.71160952221024,69.57502195464431,50
25,1381.6216216216217,99.55021503094048,68.37928635794202,25
25,1383.6036036036037,100.85315196184419,69.52335528966012,50
25,1385.5855855855855,100.53311597378325,69.98093289379884,50
25,1387.5675675675675,99.5668406010171,67.71058368258798,50
25,1389.5495495495495,101.39119576403709,71.091659357079,50
25,1391.5315315315315,98.70272400688012,66.34821049312669,25
25,1393.5135135135135,100.73912272833311,71.67484900546,50
25,1395.4954954954956,100.71172150956205,69.40323322132352,25
25,1397.4774774774774,99.6285442728232,65.56555617964119,25
25,1399.4594594594594,100.39135962669054,70.70158634332864,25
25,1401.4414414414414,98.49866370833763,68.28933521817896,25
25,1403.4234234234234,101.10883242304828,69.07634902693829,50
25,1405.4054054054054,99.77811743626842,68.21144746606173,50
25,1407.3873873873874,99.37273237537715,67.51381425349385,25
25,1409.3693693693695,101.25881107100426,69.15638172713412,25
25,1411.3513513513512,99.15478757134869,66.79838104418172,25
25,1413.3333333333333,98.30984644436373,65.20529668142939,25
25,1415.3153153153153,98.13204499177131,66.04164133070287,50
25,1417.2972972972973,100.72721194161477,69.57774707219123,25
25,1419.2792792792793,98.46348477700447,65.90759719817335,50
25,1421.2612612612613,102.10575301838124,67.67322741333571,25
25,1423.2432432432431,97.50168471053954,66.08225695173502,25
25,1425.2252252252251,102.03574764194805,71.84348754489996,25
25,1427.2072072072071,100.25322096064315,66.90287022698297,25
25,1429.1891891891892,99.88394426575553,68.33911060628053,50
25,1431.1711711711712,99.34609709582926,70.84402033376924,50
25,1433.1531531531532,100.47896333722248,67.41107406474009,50
25,1435.1351351351352,99.95483835709018,68.92539820358863,25
25,1437.117117117117,101.32396225841983,69.59165407376796,25
25,1439.099099099099,100.13707317839444,67.73531889875714,50
25,1441.081081081081,100.18036211375426,67.9551531346262,50
25,1443.063063063063,99.56366534534337,66.52435248449967,25
25,1445.045045045045,99.93166525153472,68.57408399657868,25
25,1447.027027027027,100.36936212267047,67.55321693891986,50
25,1449.0090090090089,97.94779792881205,66.25495578302576,25
25,1450.990990990991,98.38217749347315,65.15612393430406,25
25,1452.972972972973,100.89191691282726,67.81535217329417,50
25,1454.954954954955,100.20503852575354,69.41900738963125,25
25,1456.936936936937,99.77921999637678,65.92538195724937,50
25,1458.918918918919,100.02212071967847,68.565525346809,25
25,1460.900900900901,100.417098046434,66.90879513279607,50
25,1462.8828828828828,99.35228838362876,66.46946552163487,25
25,1464.8648648648648,99.06603432951722,63.94119124675698,50
25,1466.8468468468468,,68.16697003643176,50
25,1468.8288288288288,98.82595266686197,66.91100894212035,50
25,1470.8108108108108,100.48990330685737,68.04443812109437,50
25,1472.7927927927929,97.9568996749146,65.90139907889574,25
25,1474.7747747747746,101.23498676479078,67.48912796593176,25
25,1476.7567567567567,100.56711697889565,70.40996126992891,50
25,1478.7387387387387,100.30723568117665,69.27046201259888,25
25,1480.7207207207207,101.17922918073462,70.12796059013044,25
25,1482.7027027027027,101.99856933335509,67.88445929674609,25
25,1484.6846846846847,101.21724407802175,65.92699969482453,25
25,1486.6666666666667,97.79095092240203,65.18762475020824,25
25,1488.6486486486485,98.46450763991716,65.92206454902652,50
25,1490.6306306306305,99.25021770676518,66.31378811074407,50
25,1492.6126126126126,100.031309260253,65.42146477931368,50
25,1494.5945945945946,100.62119082456294,69.1095178231461,50
25,1496.5765765765766,99.12910742421585,65.8331755717353,25
25,1498.5585585585586,100.2241201173725,65.7872696186448,25
25,1500.5405405405404,99.093540481176,65.33216949653651,50
25,1502.5225225225224,99.26617863640966,65.93640080610615,25
25,1504.5045045045044,98.31200668378213,63.72935646385034,25
25,1506.4864864864865,98.89212010466692,69.83021178740901,50
25,1508.4684684684685,98.3779784732604,64.2087330615316,25
25,1510.4504504504505,98.8289520964272,66.62195751301023,50
25,1512.4324324324325,101.26437015592941,70.78653571743031,50
25,1514.4144144144143,98.86072133340167,64.83445797465474,25
25,1516.3963963963963,103.15885847780487,67.8032355249253,25
25,1518.3783783783783,100.59198148105706,67.4673434421878,50
25,1520.3603603603603,100.22180334843385,65.42600504114296,50
25,1522.3423423423424,98.96997066378255,63.149391114637424,25
25,1524.3243243243244,100.84037185529078,65.43016233707688,50
25,1526.3063063063062,99.30923460851467,63.37577430094407,50
25,1528.2882882882882,100.14641177757443,65.52403135177741,50
25,1530.2702702702702,103.07210144592256,69.4140861227053,25
25,1532.2522522522522,99.88472812033042,68.70713629763563,50
25,1534.2342342342342,101.37912799154282,68.13200550752153,25
25,1536.2162162162163,99.15618828984894,66.76916629093134,50
25,1538.1981981981983,99.95801381140365,63.014032167589356,25
25,1540.18018018018,102.12496076276261,68.66554623816788,50
25,1542.162162162162,99.24763953065468,65.30391340155904,25
25,1544.144144144144,102.17493826959631,67.55311561094102,25
25,1546.126126126126,100.84930232254656,66.95362838271761,25
25,1548.1081081081081,99.32503986892688,62.9165173623348,50
25,1550.0900900900901,,67.79124170784667,50
25,1552.072072072072,101.16706533955208,66.93785685939892,50
25,1554.054054054054,100.74617195466064,67.88690486023475,25
25,1556.036036036036,98.11573033613145,66.08711545431386,50
25,1558.018018018018,99.12743538901016,66.00076470104376,25
25,1560.0,99.7029776373382,65.6785328329108,50
25,1561.981981981982,99.91067988507994,66.43895754618015,25
25,1563.963963963964,100.74480651706081,67.63208663552024,25
25,1565.9459459459458,100.2132412011199,68.13569036960064,25
25,1567.9279279279278,98.39758676954789,64.29954242578823,50
25,1569.9099099099099,100.45623742120715,68.45493960387527,50
25,1571.8918918918919,100.73270289434059,65.29856489475213,50
25,1573.873873873874,100.67174853751725,66.21835917838575,25
25,1575.855855855856,101.29693687066555,69.11785871445754,25
25,1577.8378378378377,101.00070658545869,67.0634391199524,50
25,1579.8198198198197,100.55101609507412,67.24249394670323,50
25,1581.8018018018017,99.91580114624962,64.96460694818842,50
25,1583.7837837837837,98.00684687978081,61.48806310263799,25
25,1585.7657657657658,100.5155418629591,68.78451678364394,25
25,1587.7477477477478,100.24922522459573,65.49722664641516,25
25,1589.7297297297298,100.32589460463444,65.95095866284927,25
25,1591.7117117117116,98.46790170901563,62.81008078352912,25
25,1593.6936936936936,98.70273215151009,63.69645072266707,50
25,1595.6756756756756,101.26378342399948,67.66957525944555,25
25,1597.6576576576576,99.952533815372,65.6732768810341,25
25,1599.6396396396397,100.81780083684716,67.21832610853889,25
25,1601.6216216216217,100.03398205135656,63.590782154269476,25
25,1603.6036036036035,100.03570736739489,65.13887502952213,25
25,1605.5855855855855,101.1259405671712,63.373613998001154,50
25,1607.5675675675675,99.38074632613915,64.53552133064487,25
25,1609.5495495495495,100.11534493232918,66.20606319080298,25
25,1611.5315315315315,99.44526965355395,66.70827367490563,25
25,1613.5135135135135,99.47860452708122,67.1400707982219,50
25,1615.4954954954956,99.62899345183763,66.92627844742695,50
25,1617.4774774774774,100.26656052596046,64.75127595484864,50
25,1619.4594594594594,99.42550165400382,63.512143848888655,25
25,1621.4414414414414,101.50690735068822,68.69274745779047,50
25,1623.4234234234234,98.9264712373366,62.3622921446008,25
25,1625.4054054054054,99.77575402700637,65.24304830723423,25
25,1627.3873873873874,99.47232273007099,63.95916023911968,50
25,1629.3693693693695,101.73637346122447,63.989393870192686,25
25,1631.3513513513512,100.23586573181389,63.52628243369128,25
25,1633.3333333333333,101.23821344736236,66.24100941922111,25
25,1635.3153153153153,98.21732755235563,64.11844021480289,50
25,1637.2972972972973,100.32046031904311,68.07683206968572,25
25,1639.2792792792793,101.06755695474813,66.63925990658473,25
25,1641.2612612612613,100.09874078713051,64.87273344266936,50
25,1643.2432432432431,101.27857645007842,67.18096736242683,25
25,1645.2252252252251,99.37925385987955,63.96208525646396,25
25,1647.2072072072071,101.6912169282227,65.92620937405482,50
25,1649.1891891891892,102.7586777483431,67.41055631564981,25
25,1651.1711711711712,99.56459372747241,64.81851651762652,25
25,1653.1531531531532,99.46539697431908,63.455658209612224,25
25,1655.1351351351352,101.74406137254124,65.2887179657547,25
25,1657.117117117117,,67.70297708293302,25
25,1659.099099099099,99.37256796741607,61.39238561401289,50
25,1661.081081081081,99.49577581948498,63.74419855845191,50
25,1663.063063063063,99.66185846936739,63.698448899814984,50
25,1665.045045045045,98.38665938675886,61.353526941063215,50
25,1667.027027027027,98.89761766421896,62.54130698083722,25
25,1669.0090090090089,98.79503107989751,61.323163966865486,25
25,1670.990990990991,99.07864292187504,62.57011883623447,25
25,1672.972972972973,99.95837813513586,64.76352068358301,25
25,1674.954954954955,100.28105767904383,63.589613202045484,25
25,1676.936936936937,101.8606005913769,67.39132503749303,50
25,1678.918918918919,98.80197515111345,62.41859505190813,50
25,1680.900900900901,101.1811868781719,64.97481564792238,25
25,1682.8828828828828,99.74321338692938,63.763496780946305,25
25,1684.8648648648648,99.94064354841709,63.80588224800792,25
25,1686.8468468468468,100.80978339059992,67.26931371560315,50
25,1688.8288288288288,98.65273357412524,63.07690201681776,25
25,1690.8108108108108,100.45889169542086,63.885029749114594,25
25,1692.7927927927929,100.19974264985566,63.4896877915893,25
25,1694.7747747747746,100.59094151680978,65.62650828225279,50
25,1696.7567567567567,100.34700237268939,61.90681898977072,25
25,1698.7387387387387,102.94636016789308,67.66832514291752,50
25,1700.7207207207207,99.23471201889842,61.167553245135345,50
25,1702.7027027027027,99.36280365399782,62.07336346254164,50
25,1704.6846846846847,99.25223136829028,63.537248008731666,50
25,1706.6666666666667,99.3334274570077,59.950461118093436,50
25,1708.6486486486485,99.23513544723218,64.26991501919122,50
25,1710.6306306306305,101.42681983732906,63.25673722556271,25
25,1712.6126126126126,101.70460509758783,63.376704593496335,25
25,1714.5945945945946,99.31510444750063,63.45833205841289,25
25,1716.5765765765766,99.00117331227493,60.01409698380006,50
25,1718.5585585585586,100.56569866766368,64.00671438550806,25
25,1720.5405405405404,,61.93456217321333,50
25,1722.5225225225224,100.75951818130662,63.36363001774439,50
25,1724.5045045045044,100.24350762502156,63.40388965614631,50
25,1726.4864864864865,98.18110706200332,59.888137895506894,25
25,1728.4684684684685,101.85700624159607,63.55434072833532,50
25,1730.4504504504505,102.15505320771463,67.6297430594638,50
25,1732.4324324324325,99.26465357141873,60.12435942331772,25
25,1734.4144144144143,99.53475812807682,64.80903665067086,25
25,1736.3963963963963,100.34303846886989,61.53908402722227,50
25,1738.3783783783783,100.40134814798444,61.42047963193225,50
25,1740.3603603603603,100.7902531272074,65.1002162860437,25
25,1742.3423423423424,102.41224544651962,65.66630471628933,25
25,1744.3243243243244,99.78766332700714,64.0483824918982,25
25,1746.3063063063062,99.04204330655385,61.93091133847344,50
25,1748.2882882882882,98.34481692638256,61.337679163471996,25
25,1750.2702702702702,99.1228839520697,60.44852828880083,25
25,1752.2522522522522,99.96024763255144,60.4542439728315,25
25,1754.2342342342342,102.15346943622134,62.4837275038202,50
25,1756.2162162162163,99.37886644115659,62.610226589132154,25
25,1758.1981981981983,100.26854554196667,62.934810785015905,25
25,1760.18018018018,99.9802925247127,64.82220656980088,25
25,1762.162162162162,101.4260719281377,64.91595810896307,25
25,1764.144144144144,103.03231891104835,63.83044686680757,25
25,1766.126126126126,99.36295747249561,59.14931296690299,50
25,1768.1081081081081,99.41267266897813,63.43825003085207,50
25,1770.0900900900901,101.25299305248289,64.28006781959061,50
25,1772.072072072072,100.81826978755157,62.96058112569267,25
25,1774.054054054054,102.21604879088324,63.86283407968086,50
25,1776.036036036036,100.70071382239115,63.946470453624976,50
25,1778.018018018018,99.56884949105553,60.92843360003507,50
25,1780.0,100.70878579683077,63.37954481743714,25
25,1781.981981981982,101.33044429669948,63.27644702734123,25
25,1783.963963963964,100.98457861743684,62.053800894079934,50
25,1785.9459459459458,100.60872883732875,62.45206840558533,50
25,1787.9279279279278,101.28000962750698,63.75188576059414,25
25,1789.9099099099099,101.40315470853481,63.349191036045184,25
25,1791.8918918918919,101.65859078924504,63.53708117399899,50
25,1793.873873873874,100.77845186510757,63.04373868020103,25
25,1795.855855855856,99.79945830361977,61.86224699221502,50
25,1797.8378378378377,100.17605642371998,59.41700458688183,25
25,1799.8198198198197,101.44781075981003,62.20967483114141,50
25,1801.8018018018017,99.01967719481532,61.030465239426626,50
25,1803.7837837837837,100.44240797064748,60.928868255773274,25
25,1805.7657657657658,99.52799342520717,61.524938876057405,50
25,1807.7477477477478,100.03449378752178,59.735347371682366,50
25,1809.7297297297298,101.53414223512875,62.40454381169648,50
25,1811.7117117117116,100.22931888162388,61.77946128681942,25
25,1813.6936936936936,100.05572385778738,60.737661982585486,25
25,1815.6756756756756,98.36817263082409,62.04232469676468,25
25,1817.6576576576576,100.89550427923267,63.86781764475954,50
25,1819.6396396396397,100.77458101736929,63.81195501345436,25
25,1821.6216216216217,102.59590566796655,63.5923018366318,50
25,1823.6036036036035,99.6306661180564,58.207028753963904,50
25,1825.5855855855855,100.26298039319673,58.055489633367245,25
25,1827.5675675675675,100.29926042045291,60.445967552075565,25
25,1829.5495495495495,101.89294393571618,62.2097853314076,50
25,1831.5315315315315,99.88564536113566,63.619664394797205,50
25,1833.5135135135135,100.3348258309244,62.145593287282196,25
25,1835.4954954954956,100.72947581165985,62.8722325206033,25
25,1837.4774774774774,100.22393094778764,62.080607750569726,25
25,1839.4594594594594,99.46427966253937,60.60622512014629,50
25,1841.4414414414414,100.23290799147797,61.79509791207772,50
25,1843.4234234234234,101.28835809983173,65.07568619377379,50
25,1845.4054054054054,98.76818164070673,58.42901895923313,50
25,1847.3873873873874,100.15956360897626,62.515705174613,50
25,1849.3693693693692,99.15985502207299,59.51233607725762,25
25,1851.3513513513512,101.4340559547098,58.99860762576052,25
25,1853.3333333333333,98.17217571425947,60.1912526016391,50
25,1855.3153153153153,99.3292937832741,63.72904939171792,50
25,1857.2972972972973,100.45265425007743,61.45030923154625,25
25,1859.2792792792793,101.8786288350812,60.760162355556325,25
25,1861.2612612612613,99.92109968671241,57.48087580267882,25
25,1863.2432432432431,99.33376056796816,61.639706581268406,25
25,1865.2252252252251,102.25738848332871,61.938285594419874,50
25,1867.2072072072071,98.2623833195005,59.350619274940854,25
25,1869.1891891891892,97.3614328520559,57.8749499781067,50
25,1871.1711711711712,100.528017340064,56.88042123845736,25
25,1873.1531531531532,99.39753493077687,61.93523366661285,25
25,1875.135135135135,98.77452061944314,58.64147869476885,25
25,1877.117117117117,100.85002773675923,60.360379871002976,50
25,1879.099099099099,100.29256085652544,58.840097585332636,50
25,1881.081081081081,99.32310564311592,59.31667145345012,25
25,1883.063063063063,98.46363472159493,58.10642377720364,50
25,1885.045045045045,101.04694879393617,61.70361083425804,50
25,1887.027027027027,100.7802414135504,60.410064515196254,25
25,1889.0090090090089,99.88098896346474,60.3936152145487,25
25,1890.990990990991,102.2159643952572,61.24576872263529,50
25,1892.972972972973,98.71589828040862,59.196800270960566,50
25,1894.954954954955,98.16936979489032,57.49453001484785,50
25,1896.936936936937,99.16971031614251,59.06873967180512,25
25,1898.918918918919,99.9452967803734,58.075680863674606,25
25,1900.9009009009008,100.29200733918724,60.15288170835375,50
25,1902.8828828828828,99.71051673057241,62.118173540990846,25
25,1904.8648648648648,100.42246647581716,58.24201665717861,25
25,1906.8468468468468,98.49815269097147,59.533507899022155,50
25,1908.8288288288288,101.73251752488791,62.354248113942226,50
25,1910.8108108108108,99.90141858592892,60.400315932399565,25
25,1912.7927927927929,101.34075499790575,58.84882758787925,25
25,1914.7747747747746,100.41127041565325,63.14883579067535,50
25,1916.7567567567567,100.54810386298455,55.33985944087294,25
25,1918.7387387387387,100.68372073627864,58.56233822538228,25
25,1920.7207207207207,100.53725027202078,59.629418927854076,50
25,1922.7027027027027,100.77126731184106,60.24495966411684,50
25,1924.6846846846847,101.59498303615892,60.52232759954811,25
25,1926.6666666666667,100.23582540364177,58.77414176107276,25
25,1928.6486486486485,100.85080450910621,59.16730545450546,25
25,1930.6306306306305,99.89231716685532,58.3075591164988,50
25,1932.6126126126126,101.72814065853937,60.80674260962948,25
25,1934.5945945945946,99.18832923752888,58.66163416528717,25
25,1936.5765765765766,102.16112851949298,61.52966006659487,50
25,1938.5585585585586,99.95181045922679,59.35011882570176,50
25,1940.5405405405404,98.28306987745835,55.65268500242803,25
25,1942.5225225225224,100.15372529789295,58.29798480906626,50
25,1944.5045045045044,99.18273801103014,62.59223988194548,50
25,1946.4864864864865,101.00877225878646,58.98816433723507,25
25,1948.4684684684685,99.21685122483713,57.852314500326536,50
25,1950.4504504504505,99.46457988014227,58.38453490670301,50
25,1952.4324324324325,97.73255112286536,57.17154501871491,25
25,1954.4144144144143,,56.59160387746263,50
25,1956.3963963963963,97.09134480804525,54.45491997972584,25
25,1958.3783783783783,98.09931661181713,58.00782230274174,25
25,1960.3603603603603,100.91249758737315,59.01543267019987,50
25,1962.3423423423424,100.942960190381,61.07828313003077,50
25,1964.3243243243244,100.51054907414196,61.22213848348753,50
25,1966.3063063063062,98.83962862824494,58.38619095161638,25
25,1968.2882882882882,99.94274637262963,57.2199669748663,50
25,1970.2702702702702,99.99567695309132,57.10112452016233,25
25,1972.2522522522522,98.60996237296895,56.33979370228248,50
25,1974.2342342342342,101.80407796212059,59.18021806563238,50
25,1976.2162162162163,101.0528347486908,58.70667542612647,50
25,1978.1981981981983,99.7348429914044,59.08949781667127,25
25,1980.18018018018,100.03226300679344,57.74113594653929,50
25,1982.162162162162,100.25005936953707,57.37052616277663,50
25,1984.144144144144,97.54991815789086,54.7038865685759,25
25,1986.126126126126,99.70338714097528,56.16974681349305,25
25,1988.1081081081081,99.18161890240265,56.33321718565511,50
25,1990.0900900900901,98.7980559881261,56.4492620551921,50
25,1992.072072072072,,56.200156993764914,50
25,1994.054054054054,102.15722383221943,60.30403274812005,25
25,1996.036036036036,100.76901143352042,60.16317476171335,25
25,1998.018018018018,99.31458521226064,57.59486133385196,25
25,2000.0,100.68709933762739,59.80445330483706,25
5,20.0,100.59605698361348,92.13702382873447,50
5,21.98198198198198,99.83408283859458,92.05145663854975,25
5,23.963963963963963,100.77722624572083,94.25642933948922,50
5,25.945945945945944,101.82763582768963,96.33101396722097,25
5,27.92792792792793,99.719015950332,92.16897827720891,25
5,29.90990990990991,99.71903565166099,92.59042919514998,50
5,31.89189189189189,101.89505537860887,93.97821149451322,25
5,33.873873873873876,100.92092167498349,93.35843424273081,50
5,35.85585585585586,99.43663073687806,91.21689625849365,50
5,37.83783783783784,100.65107205230316,94.77284378856294,25
