Time_Seconds,Frequency_Hz,Incident_SPL_dB,Transmitted_SPL_dB,Material_Thickness_mm,Attenuation_dB
5,20.0,100.59605698361348,92.13702382873448,50,8.459033154878995
5,21.98198198198198,99.83408283859458,92.05145663854977,25,7.782626200044817
5,23.963963963963963,100.77722624572084,94.25642933948922,50,6.520796906231624
5,25.945945945945944,101.82763582768963,96.33101396722095,25,5.496621860468679
5,27.92792792792793,99.719015950332,92.16897827720892,25,7.550037673123072
5,29.90990990990991,99.719035651661,92.59042919514998,50,7.128606456511022
5,31.89189189189189,101.89505537860887,93.97821149451322,25,7.916843884095655
5,33.87387387387388,100.92092167498348,93.3584342427308,50,7.562487432252681
5,35.85585585585586,99.43663073687806,91.21689625849363,50,8.219734478384424
5,37.83783783783784,100.65107205230316,94.77284378856294,25,5.878228263740226
5,39.81981981981982,99.44389876862505,90.7510509134168,25,8.692847855208242
5,41.8018018018018,99.4411242957157,92.39229245624466,50,7.048831839471035
5,43.78378378378378,100.29035472587924,90.38935530883325,50,9.900999417045995
5,45.76576576576576,97.70406370641064,91.9140616497612,25,5.790002056649442
5,47.74774774774775,97.93009860098437,88.46669343677704,25,9.46340516420733
5,49.729729729729726,99.32525496491084,92.13325365458172,25,7.192001310329118
5,51.71171171171172,98.78460265559868,92.83091885020956,25,5.953683805389119
5,53.693693693693696,100.37709679911433,94.13643906370932,50,6.240657735405009
5,55.67567567567568,98.91037110937457,92.38872990950388,50,6.521641199870686
5,57.65765765765766,98.30523555839764,90.63114880095694,50,7.674086757440705
5,59.63963963963964,101.75877852270588,93.9010117771391,50,7.857766745566778
5,61.62162162162162,99.72906843941615,93.48042925613484,25,6.248639183281313
5,63.6036036036036,100.08103384562553,92.97270086915212,25,7.108332976473406
5,65.58558558558559,98.29030217654385,87.8963560980855,50,10.393946078458342
5,67.56756756756756,99.34674073056978,89.53920975920249,50,9.807530971367285
5,69.54954954954954,100.13310710765184,92.2267297112489,50,7.906377396402945
5,71.53153153153153,98.61880770709324,91.27423492227337,50,7.344572784819874
5,73.51351351351352,100.4508376220148,92.94754738869416,50,7.503290233320641
5,75.4954954954955,99.27923357209744,91.00003769408288,50,8.279195878014562
5,77.47747747747748,99.64996750024808,93.78956175345108,50,5.860405746796999
5,79.45945945945945,99.27795206532473,92.23374660118948,50,7.044205464135246
5,81.44144144144144,102.22273382141071,97.25966398628115,50,4.963069835129559
5,83.42342342342343,99.98380333031449,91.88334702478494,25,8.100456305529548
5,85.4054054054054,98.73074688525293,90.22265567840152,50,8.508091206851404
5,87.38738738738739,100.98705389452384,94.13886061499991,25,6.848193279523926
5,89.36936936936937,98.53498762003476,88.56535882645107,25,9.96962879358368
5,91.35135135135135,100.2506363140057,94.44496048418488,50,5.805675829820828
5,93.33333333333331,97.64839585134428,92.164958171659,50,5.483437679685281
5,95.31531531531532,98.40617674132189,90.35382333780623,25,8.052353403515653
5,99.27927927927928,100.8861598959945,90.57324133178066,50,10.312918564213831
5,101.26126126126124,100.20564193742796,93.07126562902867,25,7.134376308399283
5,103.24324324324324,99.86122206113411,90.3848224326088,50,9.476399628525314
5,105.22522522522524,99.63867556529286,91.80238421548988,50,7.836291349802977
5,107.2072072072072,98.22577361155908,90.5549848317406,50,7.67078877981848
5,109.1891891891892,99.13618694992635,89.84529163829095,25,9.29089531163541
5,111.17117117117115,99.44723347484826,90.46766807614704,25,8.979565398701226
5,113.15315315315316,101.2685466714627,95.59637815018232,50,5.672168521280383
5,115.13513513513512,100.41234194748216,90.12509899046088,25,10.287242957021277
5,117.11711711711712,97.88435181356472,87.70610667423543,25,10.178245139329292
5,119.09909909909908,100.38890076327375,93.18346103175426,25,7.2054397315194905
5,121.08108108108108,99.53790126350042,90.76473650388483,25,8.773164759615582
5,123.06306306306304,99.18769359963284,90.2315131850736,25,8.956180414559242
5,125.04504504504504,100.73401154660904,92.09219008706236,25,8.641821459546676
5,127.02702702702705,101.23719942699516,93.7761706712768,25,7.46102875571836
5,129.009009009009,101.11753614293944,93.80280903268437,50,7.3147271102550775
5,130.990990990991,98.99293897213283,90.67343224078216,25,8.319506731350671
5,132.97297297297297,99.62894514897854,89.47633810657598,25,10.152607042402565
5,134.95495495495496,100.39751611768428,91.15292669660344,25,9.244589421080832
5,136.93693693693697,101.17065415254685,93.26171078581112,25,7.908943366735727
5,138.9189189189189,99.42499091458563,89.76690230807259,25,9.658088606513047
5,140.9009009009009,99.7772092280034,95.51380694273232,25,4.263402285271084
5,142.88288288288288,98.67239803119276,88.37735758874273,25,10.29504044245003
5,144.86486486486484,98.5645520511032,92.56655515170276,25,5.997996899400448
5,146.84684684684686,100.97503098687304,92.87544915573449,50,8.09958183113855
5,148.82882882882882,101.627488034285,94.62807395730528,25,6.999414076979718
5,150.8108108108108,99.9135878541036,93.14101547309036,25,6.772572381013234
5,152.7927927927928,101.20423947747042,90.71272902613238,25,10.491510451338044
5,154.77477477477478,100.43396323005716,92.34956908607904,25,8.084394143978116
5,156.75675675675674,99.22585629447386,89.88447885025616,50,9.341377444217699
5,158.73873873873873,100.43367472661008,91.64675829763158,50,8.7869164289785
5,160.72072072072072,101.84564387975917,92.23710966595152,50,9.608534213807644
5,162.7027027027027,99.95700875306804,90.91312726782904,50,9.043881485238998
5,164.68468468468467,101.8775723869768,94.83773639893532,50,7.0398359880414745
5,166.66666666666666,96.8563058750923,86.3619056459216,50,10.494400229170708
5,168.64864864864865,100.98628300525029,92.69124220431657,50,8.29504080093372
5,170.63063063063063,100.1044564818858,93.36797797852408,50,6.736478503361724
5,172.61261261261262,99.64119117944097,91.1763368938628,50,8.46485428557817
5,174.59459459459458,100.1101129318426,88.71627054318844,50,11.39384238865415
5,176.57657657657657,97.61491730247891,87.16120631093031,50,10.453710991548604
5,178.55855855855856,99.73639373459498,91.04531788215272,50,8.691075852442268
5,180.54054054054052,100.42853508581408,91.702691912562,50,8.725843173252073
5,182.5225225225225,101.77347285368982,92.97052002511047,50,8.80295282857935
5,184.5045045045045,99.37807573807164,86.94187268164929,50,12.436203056422357
5,186.48648648648648,99.02980767652818,89.1001477414241,50,9.929659935104084
5,188.46846846846847,99.39789154769856,89.36039664447951,25,10.037494903219056
5,190.4504504504505,101.09848254124248,90.12494925208662,50,10.973533289155853
5,192.4324324324324,100.39450133159164,90.57253380926808,25,9.821967522323561
5,194.4144144144144,99.36428775547957,90.25339151475114,50,9.110896240728422
5,196.3963963963964,100.61592091973604,91.37531055822836,50,9.240610361507677
5,198.3783783783784,100.11649305921765,90.65308413752793,25,9.46340892168972
5,200.36036036036035,101.16237398863947,91.61172085691776,50,9.550653131721717
5,202.34234234234236,99.15753628734716,88.42392980972954,25,10.733606477617613
5,204.32432432432432,99.60680542408268,89.85104875753389,25,9.755756666548791
5,206.3063063063063,99.5294702162414,88.71699658690453,25,10.812473629336878
5,208.28828828828827,98.24378206224144,88.61566774321514,50,9.628114319026295
5,210.27027027027023,100.35534433247749,90.45252668213848,50,9.902817650339003
5,212.25225225225225,100.31326632661586,93.49002681287348,50,6.823239513742379
5,214.23423423423424,100.00613614797096,88.77542841970102,25,11.230707728269948
5,216.21621621621625,99.71849543994982,89.30687083421094,25,10.41162460573888
5,218.19819819819816,98.3015551095395,86.87697237718245,50,11.424582732357052
5,220.18018018018017,99.49522561268157,93.87636543672886,50,5.618860175952705
5,222.16216216216216,99.58874258016787,86.45726160407787,50,13.131480976090003
5,224.14414414414412,99.03726727693406,89.21205712457223,50,9.825210152361834
5,226.1261261261261,99.8064571460008,88.07391265062425,50,11.732544495376544
5,228.1081081081081,100.48486102817743,91.9387739729198,25,8.54608705525763
5,230.0900900900901,102.26342308145264,91.20264060223715,25,11.06078247921549
5,232.07207207207207,100.2094933753982,91.6123194228614,25,8.597173952536792
5,234.0540540540541,100.30906046886732,91.03174093693804,50,9.27731953192928
5,236.036036036036,99.9106649010806,86.79096922163177,25,13.119695679448824
5,238.018018018018,97.69747454164116,87.69917381846186,25,9.998300723179298
5,240.0,99.96818334946094,89.32203403969136,25,10.646149309769584
5,241.981981981982,100.07227625192924,88.41149898022043,25,11.66077727170881
5,243.96396396396395,102.95589053498234,91.82101635167209,25,11.13487418331026
5,245.94594594594597,99.76916684226263,89.11651145752026,50,10.652655384742374
5,247.92792792792795,100.36185681080032,89.35171260439829,25,11.010144206402032
5,249.9099099099099,99.9583458763537,85.85484412011792,50,14.103501756235787
5,251.89189189189187,98.59758635485656,88.14996049635289,50,10.44762585850367
5,253.87387387387383,101.37138737741805,90.50000907761586,50,10.871378299802188
5,255.85585585585585,100.90231963922412,88.7209326398073,50,12.181386999416816
5,257.8378378378378,100.94923833645166,88.6498683559336,50,12.299369980518051
5,259.8198198198198,98.9087350542463,86.45143283914898,25,12.457302215097329
5,261.8018018018018,101.68335317312332,90.01282540764711,25,11.670527765476209
5,263.78378378378375,98.31777872464926,89.28417798563687,50,9.033600739012385
5,265.76576576576576,100.70422851256032,87.47029743032489,50,13.23393108223543
5,267.7477477477478,102.62854675097198,93.52860538104056,50,9.099941369931415
5,269.7297297297297,98.81135640984316,87.50226807684949,25,11.309088332993667
5,271.7117117117117,99.32044272447668,89.5610456886949,50,9.759397035781774
5,273.6936936936937,100.11958163810516,89.28930267150818,25,10.830278966596978
5,275.6756756756757,99.39582921506056,87.94052343744318,50,11.455305777617383
5,277.65765765765764,98.13920388272064,86.65933022170739,25,11.479873661013244
5,279.63963963963965,100.08227556976723,88.41588092490079,50,11.666394644866443
5,281.6216216216216,98.72523554352868,85.23547945075151,25,13.48975609277717
5,283.6036036036036,100.5683109167622,88.78314459962638,50,11.785166317135818
5,285.5855855855856,98.89669091891945,88.12238533131486,25,10.774305587604587
5,287.56756756756755,101.85992128602103,89.23757431737229,25,12.622346968648742
5,289.5495495495496,99.06009604919652,86.06399842391767,25,12.99609762527885
5,291.5315315315315,99.6135261805532,90.20737033569112,25,9.40615584486207
5,293.5135135135135,100.9762206608436,88.79687731282559,25,12.179343348018008
5,295.4954954954955,98.52296282027925,86.15228478789398,25,12.370678032385271
5,297.47747747747746,100.27295192152496,89.36470258197035,25,10.908249339554615
5,299.4594594594595,101.56857130513892,88.11474081490121,50,13.453830490237706
5,301.44144144144144,98.07102011852652,86.87015755312937,50,11.200862565397145
5,303.4234234234234,100.22156063023876,88.57157432840984,50,11.649986301828918
5,305.4054054054054,100.31185935309811,89.07416979222663,50,11.237689560871488
5,307.3873873873874,100.93818744613276,89.3818459017876,50,11.556341544345159
5,309.36936936936934,98.5156591469463,88.59142312864046,25,9.924236018305848
5,311.3513513513513,98.41545206429886,88.97120406386598,25,9.444248000432879
5,313.3333333333333,100.62632987874028,86.59457228390282,25,14.031757594837458
5,315.31531531531533,100.35638160787984,89.95114795468164,25,10.405233653198195
5,317.2972972972973,100.30059142041505,90.07632859324816,25,10.224262827166882
5,319.27927927927925,100.41573785139636,91.89879599477491,50,8.516941856621443
5,321.26126126126127,99.1839703341058,88.35971025293736,50,10.824260081168433
5,323.2432432432432,100.2787044365932,90.44496074832608,50,9.83374368826712
5,325.22522522522524,100.3516869679584,86.0346101736998,50,14.317076794258597
5,327.2072072072072,99.14277829836836,85.73832293462468,25,13.40445536374368
5,329.1891891891892,102.23892941337373,91.34574952573487,25,10.893179887638851
5,331.1711711711712,100.56859950509414,85.2288647159966,25,15.339734789097548
5,333.15315315315314,98.57043580335682,85.10103081611267,50,13.469404987244147
5,335.1351351351351,100.7878643303606,89.24267897319109,25,11.545185357169515
5,337.1171171171171,98.8303819957272,90.51138245992946,50,8.31899953579773
5,339.0990990990991,100.94450152449096,85.40430388182105,25,15.54019764266991
5,341.0810810810811,101.39031469480888,91.3352139354948,25,10.055100759314072
5,343.06306306306305,99.01518121797795,89.30814420327816,50,9.707037014699793
5,345.045045045045,101.15605135509318,87.41138489626792,25,13.744666458825264
5,347.02702702702703,100.4953371123238,84.5892220163284,25,15.90611509599539
5,349.009009009009,100.9864721919934,86.62790080206544,50,14.35857138992796
5,350.990990990991,102.27615157918474,89.11245006126836,25,13.16370151791638
5,352.97297297297297,99.70553426079655,86.45988923478511,50,13.245645026011445
5,354.9549549549549,99.095516602771,85.42620407541136,25,13.669312527359637
5,356.93693693693695,98.93258268444936,85.36932493490436,25,13.563257749545002
5,358.9189189189189,99.02102765804148,86.13869998154688,25,12.882327676494597
5,360.9009009009009,99.90747794870308,87.25496007655904,25,12.652517872144031
5,362.8828828828829,100.40938236977998,87.97138016973737,25,12.438002200042604
5,364.8648648648648,100.33202895919602,88.89540827492847,25,11.436620684267552
5,366.84684684684686,100.99261989884324,88.81038927090015,25,12.182230627943099
5,368.8288288288288,100.0156022702535,89.91611857262765,25,10.099483697625843
5,370.8108108108108,101.74424089258878,89.2171557381863,50,12.52708515440247
5,372.7927927927928,99.68241180011444,88.45502819057056,50,11.227383609543878
5,374.7747747747748,103.26420299990754,92.17364102978524,25,11.090561970122295
5,376.7567567567568,100.750800817318,87.69933796896618,25,13.051462848351818
5,378.73873873873873,98.97141093230046,84.06611020548627,50,14.90530072681419
5,380.7207207207207,98.71492900232668,84.48448112035022,25,14.23044788197646
5,382.7027027027027,100.57896689829182,90.04606915507794,25,10.53289774321388
5,384.6846846846847,99.73184465760896,88.29196253814015,50,11.439882119468805
5,386.6666666666667,100.85680059291052,86.4856438109282,25,14.371156781982322
5,388.6486486486487,100.56788514948823,89.04594056412003,25,11.521944585368203
5,390.6306306306306,99.91260530481176,87.21820367845594,50,12.694401626355827
5,392.6126126126126,98.98384753831792,85.09174236275406,25,13.892105175563856
5,394.5945945945946,98.18218333037696,86.53199730996971,25,11.650186020407247
5,396.5765765765765,99.46418205751958,86.16774041992227,50,13.296441637597312
5,398.55855855855856,101.02767855318815,89.85466274151142,25,11.173015811676734
5,400.5405405405405,100.25691249295625,87.94923422915333,50,12.307678263802913
5,402.52252252252254,98.50511346554562,84.78003515892641,25,13.72507830661921
5,404.5045045045045,100.2078171110214,89.31622663023784,25,10.891590480783563
5,406.48648648648646,100.4623808556746,86.48491199197726,50,13.97746886369734
5,408.4684684684685,98.93937107655864,85.61639534251623,50,13.322975734042416
5,410.4504504504504,100.18447012713465,85.9676270874008,25,14.216843039733845
5,412.4324324324325,100.0698504621352,86.31019547725441,50,13.759654984880783
5,414.4144144144144,98.62843564260324,83.12276553818302,50,15.505670104420219
5,416.3963963963964,100.42934483241794,86.74637294331094,25,13.682971889106994
5,418.3783783783784,100.67294143164187,87.78623893251896,25,12.886702499122919
5,420.3603603603604,101.29966149181033,87.54972875077542,25,13.749932741034911
5,422.3423423423424,101.26456246244187,86.84745325672515,50,14.417109205716727
5,424.3243243243243,98.34679675845148,84.6356688151251,50,13.711127943326375
5,426.3063063063063,98.87460995210184,85.14020890178251,50,13.73440105031932
5,428.2882882882883,100.6180423206504,87.96184066317133,50,12.656201657479073
5,430.2702702702703,100.61654314109464,87.86602965255621,25,12.75051348853843
5,432.2522522522522,100.61805722356726,88.94142459072626,50,11.676632632841006
5,434.23423423423424,104.62327778878569,88.18269645778905,25,16.440581330996636
5,436.2162162162162,100.6850686128318,88.69897157402684,50,11.986097038804957
5,438.1981981981982,101.36267876821672,88.51446899734302,25,12.848209770873709
5,440.1801801801802,101.14480211619184,88.29916977130239,25,12.845632344889452
5,442.1621621621621,100.78166950156697,85.48036401723137,25,15.3013054843356
5,444.14414414414415,99.6216769064316,86.06950682927504,50,13.55217007715656
5,446.1261261261261,100.91076306459192,85.00887968531104,25,15.901883379280875
5,448.1081081081081,99.07260974255492,86.01689973297478,25,13.055710009580139
5,450.0900900900901,99.715817671912,85.19570480695467,50,14.52011286495734
5,452.0720720720721,99.41756374260508,86.53328702519742,25,12.884276717407658
5,454.05405405405406,100.0982489672636,82.70755230263053,50,17.39069666463307
5,456.036036036036,102.7775902800082,90.35033925990383,50,12.427251020104364
5,458.018018018018,97.7592817688899,83.05022637922504,25,14.709055389664869
5,460.0,100.82351222844942,85.59284690705127,25,15.230665321398149
5,461.981981981982,98.0647409545724,83.12836663271949,50,14.93637432185291
5,463.963963963964,99.43368176105268,85.3602618980179,25,14.073419863034786
5,465.94594594594594,101.30674071636084,87.11444473893395,50,14.19229597742688
5,467.9279279279279,100.07713602291456,85.58871611224319,50,14.488419910671368
5,469.9099099099099,98.70670626648484,84.46883089054919,50,14.237875375935658
5,471.8918918918919,99.14163554888805,83.20176281964162,25,15.939872729246432
5,473.8738738738739,100.81551729872162,82.97000306660486,50,17.845514232116756
5,475.8558558558559,99.12356004193944,85.39439231404579,25,13.729167727893653
5,477.8378378378378,100.25975030749836,87.7133736957859,25,12.54637661171246
5,479.8198198198198,100.05468620788456,85.5503525236547,25,14.504333684229863
5,481.8018018018018,99.21807958287302,80.6760831439591,25,18.541996438913912
5,483.78378378378375,102.5727329071904,89.07013665103688,50,13.502596256153524
5,485.76576576576576,100.7607028267816,83.55824383483173,25,17.202458991949868
5,487.7477477477477,97.56982889601088,80.27381821543676,50,17.296010680574113
5,489.72972972972974,100.22374517772332,86.23899240515017,50,13.984752772573145
5,491.7117117117117,99.20585624227792,83.50157081268921,25,15.704285429588708
5,493.69369369369366,101.02292000175548,83.69383858057617,50,17.32908142117931
5,495.6756756756757,99.04897511388076,84.69550456319983,50,14.353470550680925
5,497.6576576576576,99.86231627023972,85.20984897255542,25,14.652467297684296
5,499.63963963963965,100.60598473477656,86.484992592186,50,14.120992142590552
5,501.6216216216216,101.03890623300414,87.53185213985425,50,13.50705409314989
5,503.6036036036036,98.55964431153306,84.46869576426721,50,14.090948547265853
5,505.5855855855856,99.59859851699086,86.3339683765937,50,13.26463014039716
5,507.5675675675676,99.43006562660683,84.24272420800179,25,15.187341418605044
5,509.5495495495496,99.21600492091154,85.19907287560761,50,14.016932045303932
5,511.5315315315315,102.11854508833731,86.56029865308362,50,15.558246435253693
5,513.5135135135135,100.48597805315316,87.57657827921534,50,12.909399773937821
5,515.4954954954956,98.48693925479796,82.71169998755734,50,15.775239267240622
5,517.4774774774775,101.10143433646572,84.53654629945774,25,16.564888037007975
5,519.4594594594594,102.54658743641517,90.18692063000208,50,12.359666806413088
5,521.4414414414414,101.23895831266138,85.29192751194408,25,15.9470308007173
5,523.4234234234234,98.17675604085518,80.91363093052362,50,17.263125110331558
5,525.4054054054054,99.4189191125605,85.77608334330002,25,13.642835769260486
5,527.3873873873874,101.52029337902395,83.51846182579442,25,18.001831553229536
5,529.3693693693693,99.15079664125746,82.99361947855974,25,16.15717716269772
5,531.3513513513514,100.53258331377548,86.02577677308877,25,14.50680654068671
5,533.3333333333334,100.9295608641152,85.41321448060177,25,15.516346383513437
5,535.3153153153153,98.88768343410632,82.41451738964805,50,16.473166044458267
5,537.2972972972973,99.92856957272583,84.14321013425587,50,15.785359438469968
5,539.2792792792793,96.11047919191712,79.59531817622053,50,16.51516101569659
5,541.2612612612612,98.77073483039884,84.4090425173152,25,14.361692313083637
5,543.2432432432432,99.6969182183282,83.66449860389571,50,16.032419614432484
5,545.2252252252252,98.50266018164218,84.8091778729456,25,13.693482308696588
5,547.2072072072071,101.95889356471795,86.27600292701129,25,15.682890637706663
5,549.1891891891892,98.28383034644725,83.75428640323902,50,14.529543943208225
5,551.1711711711712,99.47194661596362,84.65416044876719,50,14.81778616719643
5,553.1531531531532,100.15688869274332,82.3459921731709,25,17.810896519572424
5,555.1351351351351,101.72952794687934,84.10013033355551,25,17.62939761332383
5,557.1171171171171,98.27696541858468,81.33515012911579,50,16.94181528946889
5,559.0990990990991,101.39579650258597,86.97048186581104,50,14.425314636774928
5,561.081081081081,100.0122796732235,84.38743288830625,50,15.624846784917253
5,563.063063063063,98.82218961874246,80.86740793363855,50,17.95478168510391
5,565.0450450450451,100.55452416911592,84.17113798784526,25,16.383386181270666
5,567.027027027027,100.23887163468817,80.55339083822915,50,19.685480796459018
5,569.009009009009,99.27973974740944,82.44760082615574,50,16.8321389212537
5,570.990990990991,100.08376250198802,83.51785098941514,50,16.56591151257288
5,572.9729729729729,99.53762368376589,83.68778486655613,25,15.849838817209758
5,574.9549549549549,100.1362208143015,83.58672026793889,25,16.54950054636261
5,576.936936936937,100.79455680942526,84.6383966991312,25,16.156160110294053
5,578.918918918919,101.90322017937444,84.420516623801,25,17.482703555573437
5,580.9009009009009,98.51462140140778,80.6233517099997,50,17.891269691408084
5,582.8828828828829,102.55964004958751,87.24673234845756,25,15.312907701129959
5,584.8648648648649,97.657494640573,83.12677650334209,50,14.53071813723092
5,586.8468468468468,99.8178578859573,86.008922702369,50,13.80893518358829
5,588.8288288288288,100.70598064778147,83.34507473849375,50,17.360905909287723
5,590.8108108108108,100.33719024128204,85.35764555594827,50,14.979544685333778
5,592.7927927927927,99.2527605762153,85.81182619537375,25,13.44093438084154
5,594.7747747747748,99.75025329957128,82.46143944682888,25,17.288813852742408
5,596.7567567567568,99.4083988784094,78.92727798063859,25,20.481120897770808
5,598.7387387387387,99.29276229166696,82.52457136167949,50,16.76819092998747
5,600.7207207207207,101.01952251642524,82.94881338177478,50,18.070709134650457
5,602.7027027027027,100.42841858315806,83.45702589668807,50,16.971392686469997
5,604.6846846846847,99.1685084856872,82.4325186411496,50,16.7359898445376
5,606.6666666666666,101.0795198505199,82.78090512603825,50,18.298614724481652
5,608.6486486486486,100.36875942505192,83.84849556565923,25,16.520263859392685
5,610.6306306306307,100.97543454260676,83.58299472014754,50,17.392439822459224
5,612.6126126126126,100.75555461030834,83.24598087398729,25,17.509573736321045
5,614.5945945945946,99.00520598689351,82.94463896465538,50,16.060567022238132
5,616.5765765765766,99.32778275176364,80.74134084908047,50,18.586441902683163
5,618.5585585585585,100.89675232614792,84.02513790713698,25,16.87161441901094
5,620.5405405405405,100.73244431852017,84.69633232802968,25,16.036111990490483
5,622.5225225225225,99.97491808724304,81.96474791648201,50,18.01017017076103
5,624.5045045045044,100.14079285997052,84.247413751576,50,15.893379108394512
5,626.4864864864865,101.53319787494613,84.21416938213567,50,17.31902849281046
5,628.4684684684685,99.290114333397,81.99136039593088,50,17.298753937466117
5,630.4504504504505,100.65651685740404,81.67956540054857,25,18.976951456855474
5,632.4324324324324,99.75736881707932,81.66153768397561,50,18.095831133103715
5,634.4144144144144,99.73878255612732,82.35686353478559,25,17.38191902134173
5,636.3963963963964,101.31853222238465,82.63674763844907,50,18.68178458393558
5,638.3783783783783,100.99049961878563,81.41437748444886,25,19.57612213433677
5,640.3603603603603,100.97621156320076,82.61300961718649,25,18.36320194601427
5,642.3423423423424,101.5665745685852,83.98888347665796,50,17.577691091927235
5,644.3243243243243,100.02520460995932,84.39512112064672,25,15.630083489312597
5,646.3063063063063,100.81834356555396,84.78250054665351,50,16.03584301890045
5,648.2882882882883,99.62767989208784,82.41632775943066,25,17.211352132657183
5,650.2702702702702,100.38899962298612,83.59840306136019,50,16.790596561625932
5,654.2342342342342,100.11639515799126,82.25520405442938,50,17.86119110356188
5,656.2162162162163,100.7141884305243,82.10775740709732,50,18.60643102342698
5,658.1981981981982,99.01813518011984,81.2763157796409,25,17.741819400478946
5,660.1801801801802,102.51086473082256,83.89786902184,25,18.612995708982567
5,662.1621621621622,98.79277914220036,80.77714860106626,25,18.0156305411341
5,664.1441441441441,98.54297366465472,83.55157891959094,25,14.991394745063786
15,666.1261261261261,101.38973304820009,84.80846586865795,50,16.581267179542138
15,668.1081081081081,100.94999523275553,83.140180620392,25,17.809814612363525
15,670.09009009009,100.74894378046258,84.50186427310263,50,16.247079507359956
15,672.072072072072,100.75401461111714,81.75682421882554,25,18.9971903922916
15,674.0540540540541,99.9853038725837,79.55620465109519,50,20.429099221488514
15,676.0360360360361,98.923294754217,78.92650332802238,50,19.99679142619462
15,678.018018018018,100.09096546983248,82.20680545190345,50,17.884160017929034
15,680.0,99.18740594618546,78.71131674091053,50,20.47608920527493
15,681.981981981982,101.1701436801013,82.67146681862246,25,18.49867686147884
15,683.9639639639639,99.82353114219744,82.01780874752315,25,17.80572239467429
15,685.9459459459459,99.009403363849,81.58248033213337,50,17.42692303171563
15,687.927927927928,99.6143369900164,81.6853388170459,25,17.928998172970495
15,689.9099099099099,100.49551774513075,82.65940459456422,25,17.836113150566533
15,691.8918918918919,99.32353053663525,80.61385214901794,50,18.709678387617302
15,693.8738738738739,99.01333552532029,80.28274482401577,25,18.73059070130452
15,695.8558558558558,100.29242465379028,81.76245021815477,25,18.52997443563551
15,697.8378378378378,100.29395988533048,81.07747154962986,25,19.216488335700618
15,699.8198198198198,99.39166818955464,79.00894202061838,50,20.38272616893626
15,701.8018018018018,99.43475403325802,79.37799039766361,25,20.056763635594407
15,703.7837837837837,100.27845992482916,83.83769876939591,50,16.44076115543325
15,705.7657657657658,98.26229879020322,83.38939670877237,25,14.872902081430851
15,707.7477477477478,98.31104347074812,78.17010414442976,25,20.14093932631836
15,711.7117117117117,99.7438634179458,81.270200709974,50,18.473662707971798
15,713.6936936936937,100.3730890787176,83.28177213132017,50,17.09131694739743
15,715.6756756756756,101.77042746033946,85.59123595454733,25,16.179191505792133
15,717.6576576576576,101.02919154784244,81.29915961769741,50,19.73003193014503
15,719.6396396396397,99.80807376404388,79.7158275100764,25,20.092246253967488
15,721.6216216216216,99.97718055051678,81.85275696241767,50,18.124423588099106
15,723.6036036036036,98.79696476243464,83.65866333578712,50,15.138301426647516
15,725.5855855855856,99.97778423680911,81.73661036864732,25,18.241173868161795
15,727.5675675675676,99.65360963329584,79.9696874089758,25,19.683922224320042
15,729.5495495495495,100.3872622724057,83.47373773367501,25,16.913524538730698
15,731.5315315315315,99.00732286773722,79.56471542050092,25,19.4426074472363
15,733.5135135135135,100.6232158170894,81.44293734760565,50,19.180278469483753
15,735.4954954954954,101.83928669560308,81.73143052728254,50,20.107856168320538
15,737.4774774774775,99.86948782185178,80.41552267463595,50,19.453965147215825
15,739.4594594594595,100.48205406651871,82.6313872075708,25,17.850666858947918
15,741.4414414414414,100.82817279005332,79.68736959161065,25,21.14080319844267
15,743.4234234234234,99.518535433737,80.37470817165584,50,19.14382726208116
15,745.4054054054054,100.2689109781725,80.8925704901401,25,19.376340488032398
15,747.3873873873873,100.01511088093817,81.96203984657498,50,18.053071034363185
15,749.3693693693693,100.1172113182586,81.29348604639722,50,18.823725271861377
15,751.3513513513514,99.07238825937344,80.87526800608947,50,18.19712025328397
15,753.3333333333334,100.02941220911072,80.72883129899586,50,19.30058091011486
15,755.3153153153153,100.59759794949454,78.43435955360536,50,22.16323839588918
15,759.2792792792793,101.15112499130224,83.90444006109034,25,17.2466849302119
15,761.2612612612612,102.58381894901387,80.67436075507075,25,21.909458193943124
15,763.2432432432432,99.07918292453434,79.65479006188376,50,19.424392862650578
15,765.2252252252252,101.0467847640648,82.27633981800062,50,18.770444946064174
15,767.2072072072071,100.22001040688602,78.85042364606218,50,21.369586760823836
15,769.1891891891892,102.6277635198612,83.6907814240611,50,18.936982095800104
15,771.1711711711712,99.03004205757382,76.40994640617234,25,22.620095651401485
15,773.1531531531531,98.99233378938308,78.0586882256174,25,20.93364556376568
15,775.1351351351351,99.28072882546718,80.0601635052533,50,19.22056532021388
15,777.1171171171171,97.45132513082824,74.22725470282188,50,23.224070428006357
15,779.0990990990991,99.36909397398308,80.2538825747043,50,19.115211399278778
15,781.081081081081,99.08904080613556,77.91643828866214,25,21.172602517473422
15,783.063063063063,100.18047254377144,79.63639853802657,25,20.544074005744875
15,785.0450450450451,100.4101071709326,78.32668442602358,25,22.08342274490903
15,787.027027027027,102.25140500705906,79.7426517254823,50,22.50875328157676
15,789.009009009009,101.14050860582326,80.89034022006244,50,20.250168385760816
15,790.990990990991,99.30771561320512,80.20000458088656,25,19.107711032318562
15,794.9549549549549,100.5903030058078,81.29768687124678,25,19.292616134561015
15,796.936936936937,98.41572015157524,75.05077441542043,50,23.36494573615481
15,798.9189189189188,102.19775051902522,81.61240698186057,25,20.585343537164647
15,800.9009009009009,101.41532814486554,81.5470942556175,50,19.868233889248046
15,802.8828828828829,99.43698921747436,78.70807686678509,25,20.72891235068927
15,804.8648648648649,97.94423856509094,79.47736043181791,25,18.466878133273028
15,806.8468468468468,101.6246468489985,82.55882466352122,25,19.065822185477273
15,808.8288288288288,99.86255218569686,77.5030124048613,25,22.35953978083556
15,810.8108108108108,101.48537957436815,81.87612639823065,25,19.6092531761375
15,812.7927927927927,98.08668680944676,79.0267830131994,25,19.059903796247355
15,814.7747747747748,99.28074997245548,77.8098248977186,50,21.470925074736883
15,816.7567567567568,100.00629243966182,77.52611458604571,50,22.480177853616112
15,818.7387387387387,100.05637671251768,78.24064944922279,50,21.81572726329489
15,820.7207207207207,99.45992143422492,77.19287693254321,25,22.26704450168171
15,822.7027027027027,100.747419918817,81.07396390302254,25,19.673456015794457
15,824.6846846846847,98.71885548474089,80.00724716052932,50,18.711608324211568
15,826.6666666666666,99.82914461797444,76.69714414004122,25,23.132000477933218
15,828.6486486486486,100.14435475805428,79.7126988406418,25,20.43165591741247
15,830.6306306306307,100.6173266008705,80.04222477420171,25,20.575101826668785
15,832.6126126126126,100.85393785370668,77.87461961390605,25,22.979318239800634
15,834.5945945945946,98.65042948979456,76.79338177299087,25,21.85704771680369
15,836.5765765765766,98.15906299511724,76.41685295861646,50,21.74221003650078
15,838.5585585585585,101.5332121862782,77.19165461487253,50,24.341557571405673
15,840.5405405405405,100.39877681437552,80.23432443021599,50,20.16445238415953
15,842.5225225225225,99.10181615613212,76.54465055860487,50,22.557165597527245
15,844.5045045045044,101.86138237062704,80.57478160220032,50,21.286600768426723
15,846.4864864864865,100.13880956115143,78.49916438609979,25,21.63964517505164
15,848.4684684684685,101.4151566208766,77.85002154882537,25,23.565135072051234
15,850.4504504504505,100.08102217769212,78.01116043514959,25,22.06986174254253
15,852.4324324324324,102.47289750985838,80.32166960750016,25,22.15122790235823
15,854.4144144144144,102.10640901093184,79.11818854550768,50,22.988220465424163
15,856.3963963963964,99.7012430218251,78.8335369810043,50,20.867706040820806
15,858.3783783783783,101.16588514114522,80.97388883134292,50,20.191996309802306
15,860.3603603603603,100.77445113950218,80.85517844404724,25,19.919272695454936
15,862.3423423423424,101.64235786903882,83.06973059094067,50,18.572627278098153
15,864.3243243243243,98.84209184730388,74.19994331455555,25,24.642148532748323
15,866.3063063063063,100.82326175199812,80.88456078706714,50,19.938700964930973
15,868.2882882882883,101.27010938421952,79.97280063040898,50,21.29730875381054
15,870.2702702702702,97.88951261629228,76.63986770126078,25,21.249644915031496
15,872.2522522522522,98.58008978480107,76.41843919754689,25,22.161650587254186
15,874.2342342342342,97.55292138668788,74.59309935166273,50,22.959822035025155
15,876.2162162162163,99.67671179866652,76.61410967423502,50,23.062602124431493
15,878.1981981981982,100.86105070695515,79.92809929724099,25,20.932951409714164
15,880.1801801801802,101.80282846251524,80.21026778995162,50,21.59256067256362
15,882.1621621621622,100.08891373650371,77.78612489185235,50,22.30278884465136
15,884.1441441441441,101.95433865468556,80.41278074936628,25,21.54155790531928
15,886.1261261261261,98.34387825014213,73.98258961584187,50,24.36128863430025
15,888.1081081081081,97.9559410727738,75.2335326993705,25,22.722408373403297
15,890.09009009009,99.93334276132406,76.80940446062772,50,23.123938300696338
15,892.072072072072,100.46087853872716,77.40925933842875,25,23.051619200298404
15,894.0540540540541,99.96076630228708,76.10758254308612,50,23.85318375920096
15,896.036036036036,97.51906947995217,75.11888849324794,25,22.40018098670423
15,898.018018018018,99.89305595258466,79.6739795501941,50,20.219076402390556
15,900.0,98.43463659939418,75.63510467176522,25,22.799531927628962
15,901.981981981982,100.80360705859604,79.54496672360811,50,21.25864033498793
15,903.963963963964,100.4399178953162,78.9614915665895,50,21.478426328726698
15,905.945945945946,98.87214425640715,75.6855712012475,50,23.186573055159656
15,907.927927927928,99.38335969919596,75.1832323893428,50,24.20012730985316
15,909.90990990991,98.72894377373326,76.31865803025079,50,22.410285743482476
15,911.891891891892,99.9247850832722,77.0474815103197,50,22.8773035729525
15,913.873873873874,101.14617078460148,76.14311863791889,50,25.00305214668259
15,915.8558558558558,98.81712874439737,75.9705935697591,50,22.846535174638262
15,917.8378378378378,100.60485581862142,74.18125006626974,50,26.423605752351676
15,919.8198198198198,99.36369085795307,75.95866963274901,25,23.405021225204067
15,921.8018018018016,99.04855260128518,79.09726430758647,25,19.95128829369871
15,923.7837837837836,99.87156356805453,76.11344302828962,50,23.758120539764903
15,925.7657657657658,98.75770921309676,75.5221878519888,25,23.235521361107956
15,927.7477477477478,99.33562083358338,74.7015322429998,50,24.634088590583573
15,929.7297297297296,98.56254652889338,74.81763936685331,50,23.744907162040064
15,931.7117117117116,102.35767015949966,79.79454332466452,25,22.563126834835145
15,933.6936936936936,100.04231626236609,79.07227713031364,50,20.97003913205245
15,935.6756756756756,99.1603293904089,76.63170211417578,50,22.528627276233124
15,937.6576576576576,100.25677589288108,78.65471873635718,25,21.602057156523898
15,939.6396396396397,99.865206340371,77.82247800156458,25,22.042728338806427
15,941.6216216216216,99.73483648056012,75.90277968474004,50,23.83205679582008
15,943.6036036036036,100.73700004005212,75.24727841866013,25,25.489721621391993
15,945.5855855855856,100.90900925205676,77.29646141678175,25,23.61254783527501
15,947.5675675675676,99.36339862286736,78.10100699970393,50,21.26239162316344
15,949.5495495495496,99.30901811122638,75.55022221700428,25,23.758795894222104
15,951.5315315315316,99.66993796341802,74.74742316588197,25,24.922514797536053
15,953.5135135135135,97.2376946023173,74.98912571555313,50,22.248568886764176
15,955.4954954954954,98.18177072536174,75.1838775564522,25,22.997893168909542
15,957.4774774774776,101.64024912093345,78.38362223424505,25,23.256626886688395
15,959.4594594594596,101.97396125620152,79.88103845555463,50,22.09292280064689
15,961.4414414414414,99.70115675253234,75.4227901558206,50,24.278366596711734
15,963.4234234234234,100.69186835566693,77.53166895695698,50,23.16019939870995
15,965.4054054054054,100.37350018545224,76.36690422229441,25,24.006595963157835
15,967.3873873873872,103.69465697014628,81.61292226387647,50,22.081734706269813
15,969.3693693693692,101.3434898937215,78.55102869555796,50,22.792461198163537
15,971.3513513513514,99.84649889022307,75.2786025291571,25,24.567896361065976
15,973.3333333333334,98.8533514712795,75.89260119941714,50,22.960750271862352
15,975.3153153153152,98.07226441569092,71.92614296316513,50,26.14612145252579
15,977.2972972972972,100.24415636304067,77.25225929011123,50,22.991897072929447
15,979.2792792792792,99.09237910565884,75.12832499000399,50,23.964054115654847
15,981.2612612612612,98.2932955484828,73.23170659797046,25,25.061588950512345
15,983.2432432432432,99.22411253890895,77.65328275993014,50,21.57082977897882
15,985.2252252252252,98.70214239566272,77.60930155957985,50,21.09284083608287
15,987.2072072072071,102.02456996208709,80.54332470421248,25,21.481245257874605
15,989.1891891891892,101.05796770833932,75.35868614779315,50,25.69928156054617
15,991.1711711711712,99.99043283042006,76.97713896817766,25,23.013293862242406
15,993.1531531531532,101.77593296666804,74.0618772814089,25,27.71405568525914
15,995.1351351351352,100.09284196917714,77.0267809347308,25,23.06606103444635
15,997.1171171171172,98.96645895840608,74.74152389550241,50,24.22493506290367
15,999.0990990990992,101.8277488927236,75.530800180088,25,26.29694871263561
15,1001.081081081081,100.6466920524216,73.61809326072344,25,27.02859879169816
15,1003.063063063063,98.75530461480824,71.60791411471853,25,27.147390500089713
15,1005.0450450450452,99.77159358629967,73.86823342959914,50,25.90336015670053
15,1009.009009009009,98.3406403228428,73.28968773687886,50,25.05095258596394
15,1010.990990990991,101.11141305703796,75.74603360495017,50,25.365379452087794
15,1012.9729729729728,102.29129996856416,78.88456502954345,50,23.40673493902071
15,1014.9549549549548,98.32171891141704,75.2798280473613,50,23.04189086405573
15,1016.936936936937,100.67556308402868,76.37575990528025,50,24.299803178748434
15,1018.9189189189188,99.2192289170538,75.13396531030067,25,24.08526360675313
15,1020.9009009009008,99.41544953948237,75.71907539725706,25,23.69637414222531
15,1022.8828828828828,99.28912729091336,73.8326542278364,25,25.456473063076956
15,1024.864864864865,98.96321107638424,73.08268569596089,25,25.88052538042335
15,1026.8468468468468,100.0582259535338,75.44237238085279,50,24.61585357268102
15,1028.8288288288288,99.00285986030676,72.26764581980495,25,26.735214040501802
15,1030.8108108108108,100.3245481909358,77.48248726754147,25,22.842060923394328
15,1032.7927927927926,99.93971426866104,75.63993318731035,25,24.299781081350687
15,1034.7747747747749,99.7132623437603,76.16254987871856,25,23.55071246504174
15,1036.7567567567569,98.91092360555008,77.04910690953805,50,21.861816696012028
15,1038.738738738739,99.307874403318,74.73459813478475,50,24.57327626853325
15,1040.7207207207207,100.90646947099091,76.35611776059287,50,24.550351710398047
15,1042.7027027027027,100.60110062514926,73.56227736163741,25,27.038823263511844
15,1044.6846846846847,98.82693370624172,73.07639185508523,50,25.750541851156484
15,1046.6666666666667,100.11919876651508,76.81547900300887,25,23.30371976350621
15,1048.6486486486483,100.90166454804614,73.24485002286919,50,27.656814525176955
15,1050.6306306306303,97.99671366265436,71.25381176801498,50,26.742901894639374
15,1052.6126126126126,100.65203223085592,74.83185864862597,50,25.820173582229955
15,1054.5945945945946,99.20485148926498,74.56187493483704,50,24.642976554427946
15,1056.5765765765766,100.6847184023118,77.10549887901863,50,23.579219523293176
15,1060.5405405405406,97.83414147920256,71.11128881991657,50,26.72285265928599
15,1062.5225225225224,98.0469490745402,70.09466421023289,25,27.952284864307302
15,1064.5045045045044,100.05770193599366,72.5817555625043,25,27.475946373489364
15,1066.4864864864865,100.31166700206578,75.84818437798843,25,24.463482624077344
15,1068.4684684684685,98.9148200498747,75.36181376737579,25,23.553006282498913
15,1070.4504504504505,100.76631095053284,75.28687347205795,25,25.479437478474892
15,1072.4324324324325,98.00617592527723,75.35505118983774,50,22.651124735439495
15,1074.4144144144143,99.92070424162324,74.09649321088659,50,25.82421103073665
15,1076.3963963963963,98.54678056028506,73.39304930459792,50,25.153731255687134
15,1078.3783783783783,99.2177966706374,74.50604061262896,50,24.711756058008433
15,1080.3603603603603,100.0568784055797,77.0024465199934,25,23.054431885586297
15,1082.3423423423424,98.96750396165926,72.71494163964252,50,26.252562322016743
15,1084.3243243243244,99.5385333469242,74.81974676857924,50,24.71878657834496
15,1086.3063063063064,101.20755137105732,77.40891311110926,25,23.798638259948063
15,1088.2882882882882,99.3077297565722,78.0269338873055,25,21.280795869266697
15,1090.2702702702702,101.00283053447816,75.41923802718927,50,25.5835925072889
15,1092.2522522522522,98.64435177441086,70.3254338388657,50,28.31891793554516
15,1094.2342342342342,100.63576501349834,72.44765997546033,25,28.188105038038017
15,1096.2162162162165,101.72988234478947,76.68363483777699,50,25.04624750701248
15,1098.1981981981985,97.03402659984724,72.16977712282235,50,24.864249477024885
15,1100.18018018018,99.04372569343543,72.53732106607966,50,26.506404627355778
15,1102.162162162162,100.69248655261664,76.35114579248017,50,24.341340760136475
15,1104.144144144144,99.7563455367484,73.42906309242463,25,26.32728244432377
15,1106.126126126126,100.44537504804558,73.38598436019828,25,27.059390687847298
15,1108.108108108108,99.27521777594102,71.48887199416862,25,27.786345781772397
15,1110.09009009009,100.10390774496749,74.2725172380658,50,25.831390506901684
15,1112.0720720720722,99.81318731752953,74.10140064549766,50,25.711786672031863
15,1114.054054054054,101.40133847399176,76.66533938115364,50,24.735999092838114
15,1116.036036036036,100.30530501196144,75.45697689437259,50,24.84832811758885
15,1118.018018018018,100.40512319449024,74.62051720801821,50,25.78460598647203
15,1120.0,99.50574764065304,72.79469938042877,25,26.711048260224274
15,1121.981981981982,99.414872531113,71.84881991608745,50,27.566052615025555
15,1123.963963963964,99.48093017461646,74.45434724928563,50,25.02658292533083
15,1125.9459459459458,100.47334257085396,71.96728269038765,25,28.50605988046631
15,1127.9279279279278,99.49481862301568,73.59880132187683,50,25.89601730113884
15,1129.90990990991,100.34772982827567,74.04140239141996,25,26.30632743685571
15,1131.891891891892,102.49048095837452,77.23724442304221,25,25.253236535332306
15,1133.873873873874,101.04534964411803,78.27198030479772,25,22.77336933932031
15,1135.855855855856,99.6087717613986,71.83729826145161,25,27.771473499946993
15,1137.837837837838,101.44145670659674,73.85510977987701,25,27.586346926719727
15,1139.8198198198197,99.51030955237414,73.41554413129471,50,26.09476542107943
15,1141.8018018018015,97.55425055778656,70.90133204951684,25,26.65291850826972
15,1143.7837837837835,98.79029642689912,71.42827949223486,25,27.362016934664254
15,1145.7657657657658,97.75504969476896,73.47508469631501,50,24.27996499845395
15,1147.7477477477478,99.57818381915042,73.7123033757104,50,25.86588044344002
15,1149.7297297297298,100.02210205502746,72.13556990045959,25,27.886532154567874
15,1151.7117117117116,102.01172477473034,77.1623480986734,50,24.849376676056934
15,1153.6936936936936,100.392312848517,73.18548946378057,50,27.206823384736424
15,1155.6756756756756,99.73707936542937,74.96978991020231,25,24.767289455227058
15,1157.6576576576576,100.99528669742018,73.45780388593207,25,27.53748281148812
15,1159.6396396396397,97.34663762919054,70.52658633912326,50,26.820051290067283
15,1161.6216216216217,100.28273746973028,75.79624600439935,25,24.48649146533093
15,1163.6036036036037,100.92503823266436,72.23306433611374,25,28.69197389655062
15,1165.5855855855857,98.2256965050642,72.34704332972072,50,25.878653175343487
15,1167.5675675675675,101.37250485184832,75.57166729115367,25,25.800837560694646
15,1169.5495495495495,100.4061956889933,73.05345000125499,25,27.352745687738306
15,1171.5315315315315,99.50165450331905,70.69113091160841,25,28.810523591710634
15,1173.5135135135135,100.75933823932756,75.1598277245519,25,25.59951051477566
15,1177.4774774774774,100.2182395060702,72.38042016097974,50,27.837819345090466
15,1179.4594594594594,100.2978647035604,72.02793602239542,50,28.269928681164984
15,1181.4414414414414,99.4487669205517,71.91815864168993,25,27.530608278861777
15,1183.4234234234234,98.98018675664224,72.22910689364562,50,26.75107986299662
15,1185.4054054054054,100.9964029798531,74.90049101352889,25,26.09591196632421
15,1187.3873873873874,98.97269940890936,71.47051061136683,25,27.50218879754253
15,1189.3693693693697,100.08587948466328,74.28543935399303,25,25.800440130670253
15,1191.3513513513512,99.42681106388186,76.36451246479945,25,23.06229859908241
15,1193.3333333333333,100.57477579089569,72.43993608465917,25,28.13483970623652
15,1195.3153153153153,100.40039452634434,71.52881658903938,50,28.871577937304963
15,1197.2972972972973,101.24504793310948,77.23809523507089,50,24.00695269803859
15,1199.2792792792793,99.3879803213743,73.31554935141219,25,26.072430969962113
15,1201.261261261261,99.67615007764796,71.12471598343745,50,28.551434094210506
15,1203.2432432432431,98.82548354106125,68.0808619581153,25,30.74462158294594
15,1205.2252252252251,99.46684808790867,71.74160347234151,50,27.725244615567163
15,1207.2072072072071,100.45276059165384,73.8150352737678,25,26.637725317886037
15,1209.1891891891892,100.90838633997444,73.41732559622628,50,27.491060743748164
15,1211.1711711711712,98.89340161098684,69.03000590118349,25,29.863395709803356
15,1213.1531531531532,101.0435271041268,74.17571661605685,25,26.86781048806995
15,1215.1351351351352,101.62676543056594,74.9531210081089,50,26.673644422457045
15,1217.117117117117,100.49612188386844,73.31212905903338,50,27.18399282483506
15,1219.099099099099,102.25215497506969,75.73836410367397,25,26.513790871395713
15,1221.081081081081,99.0714529610757,70.90798802762406,50,28.16346493345165
15,1223.063063063063,98.5064143560263,68.05426153318683,25,30.452152822839466
15,1225.045045045045,97.86553570131488,69.33010598083001,50,28.53542972048487
15,1227.027027027027,101.79525317378702,74.08729694048996,50,27.707956233297054
15,1229.0090090090089,100.78523878762486,73.10079352883602,25,27.68444525878884
15,1230.990990990991,99.93329839490744,74.1202467701146,50,25.813051624792834
15,1232.972972972973,100.3359623515838,70.81778417234953,50,29.51817817923427
15,1234.954954954955,98.64941314324194,70.53697974957196,25,28.11243339366999
15,1236.936936936937,102.9349023755402,74.94075738106127,50,27.99414499447893
15,1238.918918918919,100.15506541837028,67.06486352606244,25,33.090201892307846
15,1240.900900900901,100.13127375352587,71.34692817476113,25,28.784345578764743
15,1242.8828828828828,100.87091994867843,73.62671463192932,25,27.244205316749117
15,1244.8648648648648,100.57721107808406,72.80917990482482,25,27.768031173259246
15,1246.8468468468468,100.26866082913496,70.10274902209659,25,30.16591180703837
15,1248.8288288288288,99.05143065346564,70.40260611874007,50,28.648824534725577
15,1250.8108108108108,100.5657620285632,74.20858440144465,25,26.357177627118546
15,1252.7927927927929,102.25842939577004,72.32931572363697,25,29.92911367213307
15,1254.7747747747746,101.61450405538598,74.03077423774853,50,27.583729817637447
15,1256.7567567567569,101.91182395196728,70.48025566601935,50,31.431568285947932
15,1258.738738738739,99.38654118828258,69.1091717924133,50,30.277369395869272
15,1260.7207207207207,98.8124742156897,70.79048408620486,25,28.02199012948485
15,1262.7027027027027,99.84905569588042,69.19888250462911,25,30.650173191251312
15,1264.6846846846847,100.06686989474645,71.200762304631,25,28.866107590115448
15,1266.6666666666667,101.31302982216512,71.2338693094818,50,30.079160512683316
15,1270.6306306306303,101.83546038335274,74.23364401448771,50,27.60181636886503
15,1272.6126126126126,99.81039052170522,71.86868824315438,25,27.941702278550835
15,1274.5945945945946,99.4877427160631,69.00009878698866,50,30.487643929074437
15,1276.5765765765766,98.7854747496878,70.30925936946923,25,28.476215380218562
15,1278.5585585585586,98.01417199376108,69.60559063457002,25,28.40858135919106
15,1280.5405405405404,100.9878047007543,73.3707588400486,25,27.6170458607057
15,1282.5225225225224,100.08798156062608,70.3671775568305,50,29.72080400379558
15,1284.5045045045044,98.45204692031074,66.23717846036493,50,32.214868459945805
15,1286.4864864864865,98.44590547352368,70.89044808814832,25,27.555457385375362
15,1288.4684684684685,99.59705836085185,70.36829674341028,25,29.228761617441563
15,1290.4504504504505,102.00282583034728,70.65638688911602,25,31.346438941231256
15,1292.4324324324325,99.68849037836368,70.54416868144845,50,29.144321696915227
15,1294.4144144144143,98.19622845625828,68.21821130242421,25,29.978017153834074
15,1296.3963963963963,99.70510832309688,71.96356348018205,25,27.741544842914834
15,1298.3783783783783,99.6727317163028,69.65946025968051,25,30.01327145662229
15,1300.3603603603603,96.76373602847012,67.63796593949046,25,29.125770088979664
15,1302.3423423423424,99.93484616017862,69.01408900449667,50,30.920757155681954
15,1304.3243243243244,99.7228785637496,68.46396164856463,50,31.25891691518497
15,1306.3063063063062,100.8354476377761,67.43758866123467,25,33.39785897654143
15,1308.2882882882882,102.2187473139344,71.80010836492487,25,30.418638949009534
15,1310.2702702702702,101.3518780354573,71.2783186957192,50,30.07355933973811
15,1312.2522522522522,99.6773335713342,69.76521657842765,50,29.912116992906547
15,1314.2342342342342,98.67216890951,69.5457021325098,25,29.126466777000203
25,1316.2162162162165,103.08803176389983,72.8884141068154,50,30.19961765708443
25,1318.1981981981985,100.0710621208174,70.78659666845836,50,29.284465452359044
25,1320.18018018018,100.01671515029554,70.00078044264788,25,30.01593470764766
25,1322.162162162162,99.971049895468,68.19573467313714,50,31.77531522233086
25,1324.144144144144,100.23770171292142,71.91292096624629,50,28.32478074667513
25,1326.126126126126,99.82676750569128,68.24667939372743,25,31.580088111963846
25,1328.108108108108,99.31160559174371,67.42998704478796,25,31.88161854695575
25,1330.09009009009,99.34376927051152,69.57925043937652,50,29.764518831134993
25,1332.0720720720722,99.9606960757408,73.16618112695639,25,26.79451494878441
25,1334.054054054054,99.34789027463948,70.24665028230817,50,29.101239992331315
25,1336.036036036036,99.1445850607874,67.1504445922971,25,31.9941404684903
25,1338.018018018018,100.12771627323028,70.07769404235428,50,30.050022230875996
25,1340.0,99.69402733909496,71.07298068753734,25,28.62104665155762
25,1341.981981981982,101.80479158629925,72.40627829246588,50,29.39851329383336
25,1343.963963963964,96.81883622992838,65.3665548388202,50,31.452281391108173
25,1345.9459459459458,101.30980822230696,70.26268084297786,50,31.047127379329098
25,1347.9279279279278,101.49530223099715,71.59099767704899,25,29.904304553948165
25,1349.90990990991,97.51193172111022,67.76378996045386,25,29.748141760656353
25,1351.891891891892,99.58877488710358,69.84235805661527,50,29.746416830488315
25,1353.873873873874,99.55427096080506,70.56815650782309,50,28.986114452981965
25,1355.855855855856,98.31098596633862,65.48251702672906,25,32.828468939609564
25,1357.837837837838,99.06661997489095,69.10901959762688,25,29.95760037726407
25,1359.8198198198197,98.667308985441,66.36481444744601,25,32.30249453799499
25,1361.8018018018015,102.10272453210834,69.30831802179223,25,32.79440651031611
25,1363.7837837837835,101.12281407177696,69.07723961644692,25,32.04557445533004
25,1365.7657657657658,101.525866113993,71.58951279928628,25,29.93635331470672
25,1367.7477477477478,100.86600647685188,69.6409518818875,50,31.225054594964377
25,1369.7297297297298,98.64513787453932,68.02629614899057,25,30.618841725548748
25,1371.7117117117116,99.37057568046428,70.03531766074866,50,29.335258019715624
25,1373.6936936936936,100.5872494734735,69.37422406440461,25,31.21302540906889
25,1375.6756756756756,98.53344662932966,69.53984415390721,25,28.99360247542245
25,1377.6576576576576,100.85559811620686,68.27624119567668,50,32.57935692053019
25,1379.6396396396397,99.71160952221024,69.57502195464431,50,30.136587567565925
25,1381.6216216216217,99.55021503094048,68.37928635794202,25,31.170928672998457
25,1383.6036036036037,100.8531519618442,69.52335528966012,50,31.329796672184088
25,1385.5855855855857,100.53311597378324,69.98093289379884,50,30.552183079984403
25,1387.5675675675675,99.5668406010171,67.71058368258798,50,31.856256918429125
25,1389.5495495495495,101.39119576403708,71.091659357079,50,30.299536406958083
25,1391.5315315315315,98.70272400688012,66.34821049312669,25,32.35451351375343
25,1393.5135135135135,100.73912272833311,71.67484900546,50,29.06427372287311
25,1395.4954954954956,100.71172150956204,69.40323322132352,25,31.30848828823852
25,1397.4774774774774,99.6285442728232,65.56555617964119,25,34.062988093182014
25,1399.4594594594594,100.39135962669054,70.70158634332864,25,29.6897732833619
25,1401.4414414414414,98.49866370833765,68.28933521817896,25,30.209328490158683
25,1403.4234234234234,101.10883242304828,69.07634902693829,50,32.032483396109996
25,1405.4054054054054,99.77811743626842,68.21144746606173,50,31.56666997020669
25,1407.3873873873874,99.37273237537715,67.51381425349385,25,31.858918121883306
25,1409.3693693693697,101.25881107100426,69.15638172713412,25,32.10242934387014
25,1411.3513513513512,99.15478757134868,66.79838104418172,25,32.35640652716695
25,1413.3333333333333,98.30984644436371,65.20529668142939,25,33.104549762934326
25,1415.3153153153153,98.13204499177132,66.04164133070287,50,32.09040366106845
25,1417.2972972972973,100.72721194161475,69.57774707219123,25,31.149464869423525
25,1419.2792792792793,98.46348477700448,65.90759719817335,50,32.55588757883113
25,1421.261261261261,102.10575301838124,67.67322741333571,25,34.43252560504553
25,1423.2432432432431,97.50168471053954,66.08225695173502,25,31.419427758804517
25,1425.2252252252251,102.03574764194803,71.84348754489996,25,30.192260097048077
25,1427.2072072072071,100.25322096064316,66.90287022698297,25,33.35035073366019
25,1429.1891891891892,99.88394426575552,68.33911060628053,50,31.54483365947499
25,1431.1711711711712,99.34609709582926,70.84402033376924,50,28.502076762060028
25,1433.1531531531532,100.47896333722248,67.41107406474009,50,33.06788927248239
25,1435.1351351351352,99.95483835709018,68.92539820358863,25,31.029440153501554
25,1437.117117117117,101.32396225841984,69.59165407376796,25,31.732308184651885
25,1439.099099099099,100.13707317839444,67.73531889875714,50,32.4017542796373
25,1441.081081081081,100.18036211375426,67.9551531346262,50,32.225208979128055
25,1443.063063063063,99.56366534534337,66.52435248449967,25,33.039312860843694
25,1445.045045045045,99.93166525153472,68.57408399657868,25,31.357581254956045
25,1447.027027027027,100.36936212267048,67.55321693891986,50,32.81614518375062
25,1449.0090090090089,97.94779792881204,66.25495578302576,25,31.692842145786273
25,1450.990990990991,98.38217749347316,65.15612393430406,25,33.2260535591691
25,1452.972972972973,100.89191691282726,67.81535217329417,50,33.07656473953308
25,1454.954954954955,100.20503852575354,69.41900738963125,25,30.78603113612229
25,1456.936936936937,99.77921999637678,65.92538195724937,50,33.85383803912741
25,1458.918918918919,100.02212071967848,68.565525346809,25,31.456595372869486
25,1460.900900900901,100.417098046434,66.90879513279607,50,33.508302913637934
25,1462.8828828828828,99.35228838362876,66.46946552163487,25,32.88282286199389
25,1464.8648648648648,99.06603432951722,63.94119124675698,50,35.12484308276024
25,1468.8288288288288,98.82595266686197,66.91100894212035,50,31.91494372474162
25,1470.8108108108108,100.48990330685736,68.04443812109437,50,32.445465185762984
25,1472.7927927927929,97.9568996749146,65.90139907889574,25,32.05550059601886
25,1474.7747747747746,101.23498676479078,67.48912796593176,25,33.74585879885902
25,1476.7567567567569,100.56711697889564,70.40996126992891,50,30.157155708966727
25,1478.738738738739,100.30723568117664,69.27046201259888,25,31.03677366857775
25,1480.7207207207207,101.17922918073462,70.12796059013044,25,31.05126859060418
25,1482.7027027027027,101.99856933335508,67.88445929674609,25,34.11411003660899
25,1484.6846846846847,101.21724407802176,65.92699969482453,25,35.29024438319723
25,1486.6666666666667,97.79095092240205,65.18762475020824,25,32.6033261721938
25,1488.6486486486483,98.46450763991716,65.92206454902652,50,32.54244309089064
25,1490.6306306306303,99.25021770676518,66.31378811074407,50,32.936429596021114
25,1492.6126126126126,100.031309260253,65.42146477931368,50,34.609844480939316
25,1494.5945945945946,100.62119082456294,69.1095178231461,50,31.51167300141684
25,1496.5765765765766,99.12910742421585,65.8331755717353,25,33.29593185248055
25,1498.5585585585586,100.2241201173725,65.7872696186448,25,34.43685049872769
25,1500.5405405405404,99.093540481176,65.33216949653651,50,33.7613709846395
25,1502.5225225225224,99.26617863640966,65.93640080610615,25,33.32977783030351
25,1504.5045045045044,98.31200668378212,63.72935646385034,25,34.58265021993178
25,1506.4864864864865,98.89212010466692,69.83021178740901,50,29.061908317257902
25,1508.4684684684685,98.3779784732604,64.2087330615316,25,34.169245411728795
25,1510.4504504504505,98.8289520964272,66.62195751301023,50,32.20699458341697
25,1512.4324324324325,101.2643701559294,70.78653571743031,50,30.477834438499087
25,1514.4144144144143,98.86072133340168,64.83445797465474,25,34.026263358746945
25,1516.3963963963963,103.15885847780488,67.8032355249253,25,35.355622952879585
25,1518.3783783783783,100.59198148105706,67.4673434421878,50,33.124638038869264
25,1520.3603603603603,100.22180334843384,65.42600504114296,50,34.79579830729088
25,1522.3423423423424,98.96997066378256,63.149391114637424,25,35.82057954914514
25,1524.3243243243244,100.84037185529078,65.43016233707688,50,35.410209518213904
25,1526.3063063063062,99.30923460851469,63.37577430094407,50,35.93346030757061
25,1528.2882882882882,100.14641177757444,65.52403135177741,50,34.62238042579703
25,1530.2702702702702,103.07210144592256,69.4140861227053,25,33.658015323217256
25,1532.2522522522522,99.88472812033042,68.70713629763563,50,31.177591822694794
25,1534.2342342342342,101.37912799154282,68.13200550752153,25,33.24712248402129
25,1536.2162162162165,99.15618828984894,66.76916629093134,50,32.387021998917604
25,1538.1981981981985,99.95801381140365,63.01403216758936,25,36.94398164381428
25,1540.18018018018,102.1249607627626,68.66554623816788,50,33.45941452459472
25,1542.162162162162,99.24763953065468,65.30391340155904,25,33.94372612909564
25,1544.144144144144,102.17493826959632,67.55311561094102,25,34.621822658655304
25,1546.126126126126,100.84930232254656,66.95362838271761,25,33.89567393982895
25,1548.108108108108,99.32503986892688,62.9165173623348,50,36.40852250659208
25,1552.072072072072,101.16706533955208,66.93785685939892,50,34.22920848015316
25,1554.054054054054,100.74617195466064,67.88690486023475,25,32.85926709442589
25,1556.036036036036,98.11573033613143,66.08711545431386,50,32.028614881817575
25,1558.018018018018,99.12743538901016,66.00076470104376,25,33.126670687966396
25,1560.0,99.7029776373382,65.6785328329108,50,34.02444480442739
25,1561.981981981982,99.91067988507994,66.43895754618015,25,33.471722338899795
25,1563.963963963964,100.7448065170608,67.63208663552024,25,33.112719881540556
25,1565.9459459459458,100.2132412011199,68.13569036960064,25,32.07755083151926
25,1567.9279279279278,98.39758676954789,64.29954242578823,50,34.09804434375965
25,1569.90990990991,100.45623742120716,68.45493960387527,50,32.00129781733189
25,1571.891891891892,100.7327028943406,65.29856489475213,50,35.43413799958847
25,1573.873873873874,100.67174853751725,66.21835917838575,25,34.45338935913149
25,1575.855855855856,101.29693687066556,69.11785871445754,25,32.17907815620802
25,1577.8378378378377,101.00070658545869,67.0634391199524,50,33.93726746550628
25,1579.8198198198197,100.55101609507412,67.24249394670323,50,33.30852214837088
25,1581.8018018018015,99.91580114624962,64.96460694818842,50,34.9511941980612
25,1583.7837837837835,98.0068468797808,61.48806310263799,25,36.51878377714281
25,1585.7657657657658,100.5155418629591,68.78451678364394,25,31.73102507931516
25,1587.7477477477478,100.24922522459572,65.49722664641516,25,34.75199857818056
25,1589.7297297297298,100.32589460463444,65.95095866284927,25,34.37493594178517
25,1591.7117117117116,98.46790170901563,62.81008078352912,25,35.65782092548651
25,1593.6936936936936,98.70273215151008,63.69645072266707,50,35.006281428843
25,1595.6756756756756,101.26378342399948,67.66957525944555,25,33.59420816455393
25,1597.6576576576576,99.952533815372,65.6732768810341,25,34.27925693433791
25,1599.6396396396397,100.81780083684716,67.21832610853889,25,33.599474728308266
25,1601.6216216216217,100.03398205135656,63.59078215426948,25,36.44319989708708
25,1603.6036036036037,100.03570736739488,65.13887502952213,25,34.89683233787275
25,1605.5855855855857,101.1259405671712,63.373613998001154,50,37.752326569170044
25,1607.5675675675675,99.38074632613916,64.53552133064487,25,34.84522499549429
25,1609.5495495495495,100.11534493232918,66.20606319080298,25,33.9092817415262
25,1611.5315315315315,99.44526965355396,66.70827367490563,25,32.73699597864834
25,1613.5135135135135,99.47860452708122,67.1400707982219,50,32.33853372885932
25,1615.4954954954956,99.62899345183764,66.92627844742695,50,32.70271500441069
25,1617.4774774774774,100.26656052596046,64.75127595484864,50,35.51528457111182
25,1619.4594594594594,99.42550165400382,63.512143848888655,25,35.91335780511517
25,1621.4414414414414,101.50690735068822,68.69274745779047,50,32.81415989289775
25,1623.4234234234234,98.9264712373366,62.3622921446008,25,36.5641790927358
25,1625.4054054054054,99.77575402700636,65.24304830723423,25,34.532705719772125
25,1627.3873873873874,99.472322730071,63.95916023911968,50,35.513162490951316
25,1629.3693693693697,101.73637346122447,63.989393870192686,25,37.74697959103179
25,1631.3513513513512,100.23586573181387,63.52628243369128,25,36.709583298122595
25,1633.3333333333333,101.23821344736236,66.24100941922111,25,34.99720402814124
25,1635.3153153153153,98.21732755235564,64.11844021480289,50,34.09888733755275
25,1637.2972972972973,100.32046031904312,68.07683206968572,25,32.2436282493574
25,1639.2792792792793,101.06755695474811,66.63925990658473,25,34.42829704816339
25,1641.261261261261,100.09874078713052,64.87273344266936,50,35.226007344461166
25,1643.2432432432431,101.27857645007842,67.18096736242683,25,34.09760908765159
25,1645.2252252252251,99.37925385987955,63.96208525646396,25,35.4171686034156
25,1647.2072072072071,101.6912169282227,65.92620937405482,50,35.76500755416788
25,1649.1891891891892,102.7586777483431,67.41055631564981,25,35.34812143269329
25,1651.1711711711712,99.5645937274724,64.81851651762652,25,34.74607720984588
25,1653.1531531531532,99.46539697431908,63.455658209612224,25,36.00973876470685
25,1655.1351351351352,101.74406137254124,65.2887179657547,25,36.45534340678654
25,1659.099099099099,99.37256796741607,61.39238561401289,50,37.98018235340319
25,1661.081081081081,99.49577581948498,63.74419855845191,50,35.75157726103306
25,1663.063063063063,99.6618584693674,63.69844889981498,50,35.963409569552425
25,1665.045045045045,98.38665938675886,61.353526941063215,50,37.03313244569565
25,1667.027027027027,98.89761766421896,62.54130698083722,25,36.356310683381736
25,1669.0090090090089,98.79503107989753,61.323163966865486,25,37.47186711303204
25,1670.990990990991,99.07864292187504,62.57011883623447,25,36.50852408564057
25,1672.972972972973,99.95837813513586,64.76352068358301,25,35.19485745155285
25,1674.954954954955,100.28105767904384,63.58961320204549,25,36.69144447699835
25,1676.936936936937,101.8606005913769,67.39132503749303,50,34.46927555388386
25,1678.918918918919,98.80197515111344,62.41859505190813,50,36.38338009920531
25,1680.900900900901,101.1811868781719,64.97481564792238,25,36.206371230249516
25,1682.8828828828828,99.74321338692938,63.76349678094631,25,35.97971660598307
25,1684.8648648648648,99.94064354841709,63.80588224800792,25,36.13476130040917
25,1686.8468468468468,100.80978339059992,67.26931371560315,50,33.54046967499677
25,1688.8288288288288,98.65273357412524,63.07690201681776,25,35.575831557307474
25,1690.8108108108108,100.45889169542086,63.885029749114594,25,36.573861946306266
25,1692.7927927927929,100.19974264985566,63.4896877915893,25,36.71005485826637
25,1694.7747747747746,100.59094151680978,65.62650828225279,50,34.96443323455699
25,1696.7567567567569,100.3470023726894,61.90681898977072,25,38.44018338291868
25,1698.738738738739,102.94636016789308,67.66832514291752,50,35.27803502497555
25,1700.7207207207207,99.23471201889842,61.16755324513535,50,38.06715877376307
25,1702.7027027027027,99.36280365399782,62.07336346254164,50,37.28944019145617
25,1704.6846846846847,99.25223136829028,63.53724800873167,50,35.71498335955861
25,1706.6666666666667,99.3334274570077,59.95046111809344,50,39.38296633891426
25,1708.6486486486483,99.23513544723218,64.26991501919122,50,34.965220428040965
25,1710.6306306306303,101.42681983732906,63.25673722556271,25,38.170082611766354
25,1712.6126126126126,101.70460509758784,63.376704593496335,25,38.32790050409151
25,1714.5945945945946,99.31510444750064,63.45833205841289,25,35.85677238908775
25,1716.5765765765766,99.00117331227491,60.01409698380006,50,38.987076328474856
25,1718.5585585585586,100.56569866766368,64.00671438550806,25,36.55898428215562
25,1722.5225225225224,100.75951818130662,63.36363001774439,50,37.395888163562226
25,1724.5045045045044,100.24350762502156,63.40388965614631,50,36.83961796887525
25,1726.4864864864865,98.18110706200332,59.888137895506894,25,38.29296916649643
25,1728.4684684684685,101.85700624159608,63.55434072833532,50,38.30266551326076
25,1730.4504504504505,102.15505320771464,67.6297430594638,50,34.52531014825084
25,1732.4324324324325,99.26465357141872,60.12435942331772,25,39.140294148101
25,1734.4144144144143,99.53475812807682,64.80903665067086,25,34.725721477405955
25,1736.3963963963963,100.34303846886988,61.53908402722227,50,38.803954441647605
25,1738.3783783783783,100.40134814798444,61.42047963193225,50,38.98086851605218
25,1740.3603603603603,100.7902531272074,65.1002162860437,25,35.69003684116369
25,1742.3423423423424,102.41224544651962,65.66630471628933,25,36.74594073023029
25,1744.3243243243244,99.78766332700714,64.0483824918982,25,35.73928083510894
25,1746.3063063063062,99.04204330655384,61.93091133847344,50,37.11113196808039
25,1748.2882882882882,98.34481692638256,61.337679163472,25,37.00713776291056
25,1750.2702702702702,99.1228839520697,60.44852828880083,25,38.67435566326887
25,1752.2522522522522,99.96024763255144,60.4542439728315,25,39.506003659719944
25,1754.2342342342342,102.15346943622134,62.4837275038202,50,39.669741932401145
25,1756.2162162162165,99.3788664411566,62.61022658913216,25,36.76863985202444
25,1758.1981981981985,100.26854554196667,62.93481078501591,25,37.33373475695076
25,1760.18018018018,99.9802925247127,64.82220656980088,25,35.15808595491181
25,1762.162162162162,101.4260719281377,64.91595810896307,25,36.510113819174634
25,1764.144144144144,103.03231891104836,63.83044686680757,25,39.201872044240794
25,1766.126126126126,99.3629574724956,59.14931296690299,50,40.213644505592605
25,1768.108108108108,99.41267266897812,63.43825003085207,50,35.97442263812605
25,1770.09009009009,101.25299305248288,64.28006781959061,50,36.972925232892266
25,1772.072072072072,100.81826978755156,62.96058112569267,25,37.85768866185889
25,1774.054054054054,102.21604879088324,63.86283407968086,50,38.35321471120238
25,1776.036036036036,100.70071382239117,63.946470453624976,50,36.75424336876619
25,1778.018018018018,99.56884949105552,60.92843360003507,50,38.640415891020446
25,1780.0,100.70878579683075,63.37954481743714,25,37.32924097939361
25,1781.981981981982,101.33044429669948,63.27644702734123,25,38.053997269358256
25,1783.963963963964,100.98457861743684,62.053800894079934,50,38.930777723356904
25,1785.9459459459458,100.60872883732875,62.45206840558533,50,38.156660431743425
25,1787.9279279279278,101.28000962750698,63.75188576059414,25,37.52812386691284
25,1789.90990990991,101.4031547085348,63.349191036045184,25,38.053963672489616
25,1791.891891891892,101.65859078924504,63.53708117399899,50,38.12150961524605
25,1793.873873873874,100.77845186510756,63.04373868020103,25,37.734713184906525
25,1795.855855855856,99.79945830361976,61.86224699221502,50,37.93721131140474
25,1797.8378378378377,100.17605642371998,59.41700458688183,25,40.759051836838154
25,1799.8198198198197,101.44781075981004,62.20967483114141,50,39.238135928668626
25,1801.8018018018015,99.01967719481532,61.03046523942663,50,37.98921195538868
25,1803.783783783784,100.44240797064748,60.92886825577328,25,39.5135397148742
25,1805.7657657657655,99.52799342520716,61.524938876057405,50,38.00305454914975
25,1807.747747747748,100.03449378752178,59.735347371682366,50,40.29914641583942
25,1809.7297297297296,101.53414223512875,62.40454381169648,50,39.12959842343228
25,1811.711711711712,100.22931888162388,61.77946128681942,25,38.44985759480446
25,1813.6936936936936,100.05572385778738,60.737661982585486,25,39.3180618752019
25,1815.675675675676,98.36817263082408,62.04232469676468,25,36.3258479340594
25,1817.6576576576576,100.89550427923268,63.86781764475954,50,37.02768663447314
25,1819.63963963964,100.77458101736929,63.81195501345436,25,36.96262600391493
25,1821.6216216216217,102.59590566796656,63.5923018366318,50,39.003603831334765
25,1823.6036036036037,99.6306661180564,58.207028753963904,50,41.42363736409249
25,1825.5855855855852,100.26298039319671,58.055489633367245,25,42.20749075982947
25,1827.5675675675675,100.29926042045292,60.445967552075565,25,39.85329286837736
25,1829.5495495495493,101.89294393571618,62.2097853314076,50,39.683158604308574
25,1831.5315315315315,99.88564536113566,63.619664394797205,50,36.265980966338454
25,1833.513513513513,100.3348258309244,62.1455932872822,25,38.1892325436422
25,1835.495495495496,100.72947581165984,62.8722325206033,25,37.85724329105654
25,1837.4774774774771,100.22393094778764,62.080607750569726,25,38.14332319721791
25,1839.4594594594596,99.46427966253935,60.60622512014629,50,38.85805454239306
25,1841.4414414414412,100.23290799147796,61.79509791207772,50,38.437810079400236
25,1843.4234234234236,101.28835809983173,65.07568619377379,50,36.212671906057935
25,1845.4054054054052,98.76818164070671,58.42901895923313,50,40.33916268147358
25,1847.3873873873877,100.15956360897626,62.515705174613,50,37.64385843436326
25,1849.3693693693688,99.159855022073,59.51233607725762,25,39.64751894481538
25,1851.3513513513512,101.4340559547098,58.99860762576052,25,42.435448328949285
25,1853.3333333333333,98.17217571425948,60.1912526016391,50,37.98092311262038
25,1855.3153153153155,99.3292937832741,63.72904939171792,50,35.600244391556174
25,1857.2972972972973,100.45265425007744,61.45030923154625,25,39.002345018531194
25,1859.2792792792795,101.8786288350812,60.760162355556325,25,41.118466479524876
25,1861.261261261261,99.9210996867124,57.48087580267882,25,42.44022388403358
25,1863.2432432432431,99.33376056796816,61.639706581268406,25,37.69405398669975
25,1865.225225225225,102.25738848332873,61.938285594419874,50,40.31910288890885
25,1867.2072072072071,98.2623833195005,59.35061927494085,25,38.91176404455965
25,1869.1891891891887,97.3614328520559,57.8749499781067,50,39.4864828739492
25,1871.1711711711712,100.528017340064,56.88042123845736,25,43.64759610160664
25,1873.1531531531527,99.39753493077689,61.93523366661285,25,37.46230126416403
25,1875.135135135135,98.77452061944314,58.64147869476885,25,40.13304192467429
25,1877.117117117117,100.85002773675924,60.360379871002976,50,40.48964786575627
25,1879.099099099099,100.29256085652544,58.84009758533264,50,41.4524632711928
25,1881.081081081081,99.32310564311592,59.31667145345012,25,40.006434189665804
25,1883.063063063063,98.46363472159491,58.10642377720364,50,40.35721094439128
25,1885.045045045045,101.04694879393617,61.70361083425804,50,39.343337959678124
25,1887.027027027027,100.7802414135504,60.410064515196254,25,40.370176898354146
25,1889.0090090090089,99.88098896346474,60.3936152145487,25,39.48737374891604
25,1890.990990990991,102.2159643952572,61.24576872263529,50,40.97019567262191
25,1892.972972972973,98.71589828040862,59.196800270960566,50,39.51909800944806
25,1894.954954954955,98.16936979489032,57.49453001484785,50,40.67483978004247
25,1896.936936936937,99.16971031614251,59.06873967180512,25,40.100970644337394
25,1898.918918918919,99.9452967803734,58.075680863674606,25,41.86961591669879
25,1900.9009009009008,100.29200733918724,60.15288170835375,50,40.13912563083348
25,1902.8828828828828,99.7105167305724,62.118173540990846,25,37.59234318958155
25,1904.8648648648648,100.42246647581716,58.24201665717861,25,42.18044981863855
25,1906.8468468468468,98.49815269097148,59.53350789902216,50,38.96464479194932
25,1908.8288288288288,101.73251752488792,62.35424811394223,50,39.37826941094569
25,1910.8108108108108,99.90141858592892,60.400315932399565,25,39.50110265352936
25,1912.7927927927929,101.34075499790576,58.84882758787925,25,42.49192741002651
25,1914.7747747747744,100.41127041565323,63.14883579067535,50,37.262434624977885
25,1916.7567567567569,100.54810386298456,55.33985944087294,25,45.20824442211162
25,1918.738738738739,100.68372073627864,58.56233822538228,25,42.12138251089637
25,1920.7207207207207,100.53725027202078,59.62941892785408,50,40.9078313441667
25,1922.7027027027027,100.77126731184106,60.24495966411684,50,40.52630764772422
25,1924.6846846846847,101.59498303615892,60.52232759954811,25,41.07265543661081
25,1926.6666666666667,100.23582540364175,58.77414176107276,25,41.46168364256899
25,1928.6486486486483,100.8508045091062,59.16730545450546,25,41.68349905460074
25,1930.6306306306303,99.89231716685532,58.3075591164988,50,41.58475805035652
25,1932.6126126126128,101.72814065853936,60.80674260962948,25,40.92139804890988
25,1934.5945945945944,99.18832923752888,58.66163416528717,25,40.52669507224171
25,1936.5765765765768,102.16112851949298,61.52966006659487,50,40.631468452898105
25,1938.5585585585584,99.9518104592268,59.35011882570176,50,40.60169163352504
25,1940.5405405405404,98.28306987745836,55.65268500242803,25,42.63038487503033
25,1942.5225225225224,100.15372529789296,58.29798480906626,50,41.855740488826704
25,1944.5045045045044,99.18273801103014,62.59223988194548,50,36.59049812908466
25,1946.4864864864865,101.00877225878646,58.98816433723507,25,42.020607921551395
25,1948.4684684684685,99.21685122483711,57.852314500326536,50,41.36453672451058
25,1950.4504504504505,99.46457988014228,58.38453490670301,50,41.08004497343927
25,1952.4324324324325,97.73255112286536,57.17154501871491,25,40.56100610415045
25,1956.3963963963963,97.09134480804524,54.45491997972584,25,42.6364248283194
25,1958.3783783783783,98.09931661181712,58.00782230274174,25,40.09149430907538
25,1960.3603603603603,100.91249758737315,59.01543267019987,50,41.89706491717328
25,1962.3423423423424,100.942960190381,61.07828313003077,50,39.86467706035023
25,1964.3243243243244,100.51054907414196,61.22213848348753,50,39.288410590654436
25,1966.3063063063064,98.83962862824494,58.38619095161638,25,40.45343767662856
25,1968.288288288288,99.94274637262964,57.2199669748663,50,42.72277939776334
25,1970.2702702702704,99.99567695309132,57.10112452016233,25,42.89455243292899
25,1972.252252252252,98.60996237296897,56.33979370228248,50,42.27016867068649
25,1974.2342342342345,101.8040779621206,59.18021806563238,50,42.62385989648822
25,1976.2162162162165,101.0528347486908,58.70667542612647,50,42.346159322564326
25,1978.1981981981985,99.7348429914044,59.08949781667127,25,40.64534517473314
25,1980.18018018018,100.03226300679344,57.74113594653929,50,42.291127060254155
25,1982.162162162162,100.25005936953708,57.37052616277663,50,42.879533206760456
25,1984.144144144144,97.54991815789086,54.7038865685759,25,42.846031589314954
25,1986.126126126126,99.70338714097528,56.16974681349305,25,43.53364032748223
25,1988.108108108108,99.18161890240263,56.33321718565511,50,42.848401716747524
25,1990.09009009009,98.7980559881261,56.4492620551921,50,42.348793932933994
25,1994.054054054054,102.15722383221944,60.30403274812005,25,41.85319108409939
25,1996.036036036036,100.76901143352042,60.16317476171335,25,40.60583667180707
25,1998.018018018018,99.31458521226064,57.59486133385196,25,41.71972387840868
25,2000.0,100.6870993376274,59.80445330483706,25,40.88264603279034
